user_id,study_day,postbed_use,sleep_qual,prebed_use,daytime_use
2,1,-999,-999,-999,-999
2,2,-999,-999,-999,-999
2,3,0.0019444444444444444,5,8.333333333333334e-4,0
2,4,0,5,2.777777777777778e-4,0
2,5,0,4,0,0.6475000000000001
2,6,0,4,0,0.005
2,7,-999,-999,-999,-999
2,8,0,4,0,5.555555555555556e-4
2,9,-999,-999,-999,-999
2,10,-999,-999,-999,-999
2,11,-999,-999,-999,-999
2,12,-999,-999,-999,-999
2,13,0,5,0,0.07583333333333334
2,14,-999,-999,-999,-999
2,15,0,6,0,2.777777777777778e-4
2,16,-999,-999,-999,-999
2,17,0,5,0,2.777777777777778e-4
2,18,-999,-999,-999,-999
2,19,-999,-999,-999,-999
2,20,0,5,0,0.0038888888888888888
2,21,-999,-999,-999,-999
3,1,-999,-999,-999,-999
3,2,0,5,0,0.505
3,3,-999,-999,-999,-999
3,4,0,6,0,0.5269444444444444
3,5,-999,-999,-999,-999
3,6,-999,-999,-999,-999
3,7,0,6,0.165,0.0625
3,8,0,6,0.17944444444444446,0.15416666666666667
3,9,0,4,0,0.2252777777777778
3,10,0,3,0,0.02
3,11,0.029166666666666667,4,0,0.07972222222222222
3,12,-999,-999,-999,-999
3,13,-999,-999,-999,-999
3,14,-999,-999,-999,-999
3,15,-999,-999,-999,-999
3,16,0,6,0,0.8705555555555555
3,17,0,3,0,0.2866666666666667
3,18,-999,-999,-999,-999
3,19,-999,-999,-999,-999
3,20,0,6,0,0.035277777777777776
3,21,-999,-999,-999,-999
10,1,0,5,0,0.08027777777777777
10,2,0,5,0,0.02666666666666667
10,3,0.07444444444444445,5,0.09222222222222222,1.031111111111111
10,4,-999,-999,-999,-999
10,5,0.017777777777777778,6,0,0.9222222222222223
10,6,-999,-999,-999,-999
10,7,-999,-999,-999,-999
10,8,-999,-999,-999,-999
10,9,-999,-999,-999,-999
10,10,-999,-999,-999,-999
10,11,0,5,0.7386111111111112,0.7336111111111111
10,12,-999,-999,-999,-999
10,13,0.14611111111111114,6,0,1.3861111111111113
10,14,0.06944444444444445,6,0.15583333333333332,2.0127777777777776
10,15,-999,-999,-999,-999
10,16,-999,-999,-999,-999
10,17,-999,-999,-999,-999
10,18,-999,-999,-999,-999
10,19,-999,-999,-999,-999
10,20,-999,-999,-999,-999
10,21,0,6,0,0.035
12,1,-999,-999,-999,-999
12,2,0,7,0,0.2688888888888889
12,3,0,5,0,0.9397222222222222
12,4,0,7,0,1.3777777777777778
12,5,0,6,0,1.7797222222222222
12,6,0,7,0,1.2861111111111112
12,7,0,7,0.03777777777777778,1.9402777777777778
12,8,0,6,0,3.0836111111111113
12,9,-999,-999,-999,-999
12,10,0,6,0,0.6422222222222221
12,11,0,7,0,1.7208333333333334
12,12,-999,-999,-999,-999
12,13,-999,-999,-999,-999
12,14,0,7,0,0.10416666666666667
12,15,0,7,0.029166666666666667,0.04666666666666666
12,16,0,7,0,0.5466666666666666
12,17,0,7,0.0011111111111111111,0.042499999999999996
12,18,0,7,0,0.4141666666666667
12,19,-999,-999,-999,-999
12,20,0,4,0,0.22027777777777777
12,21,0,4,0,2.1675
13,1,-999,-999,-999,-999
13,2,-999,-999,-999,-999
13,3,0,5,0,0.11833333333333333
13,4,-999,-999,-999,-999
13,5,-999,-999,-999,-999
13,6,0,7,0,0.01361111111111111
13,7,-999,-999,-999,-999
13,8,-999,-999,-999,-999
13,9,0,6,0,0.3675
13,10,0,3,0,0.013055555555555555
13,11,-999,-999,-999,-999
13,12,-999,-999,-999,-999
13,13,-999,-999,-999,-999
13,14,-999,-999,-999,-999
13,15,-999,-999,-999,-999
13,16,-999,-999,-999,-999
13,17,-999,-999,-999,-999
13,18,-999,-999,-999,-999
13,19,-999,-999,-999,-999
13,20,-999,-999,-999,-999
13,21,-999,-999,-999,-999
20,1,-999,-999,-999,-999
20,2,-999,-999,-999,-999
20,3,0,6,0,0.0016666666666666668
20,4,-999,-999,-999,-999
20,5,-999,-999,-999,-999
20,6,-999,-999,-999,-999
20,7,-999,-999,-999,-999
20,8,-999,-999,-999,-999
20,9,-999,-999,-999,-999
20,10,-999,-999,-999,-999
20,11,-999,-999,-999,-999
20,12,-999,-999,-999,-999
20,13,-999,-999,-999,-999
20,14,-999,-999,-999,-999
20,15,-999,-999,-999,-999
20,16,-999,-999,-999,-999
20,17,-999,-999,-999,-999
20,18,-999,-999,-999,-999
20,19,-999,-999,-999,-999
20,20,-999,-999,-999,-999
20,21,-999,-999,-999,-999
21,1,-999,-999,-999,-999
21,2,-999,-999,-999,-999
21,3,-999,-999,-999,-999
21,4,-999,-999,-999,-999
21,5,-999,-999,-999,-999
21,6,-999,-999,-999,-999
21,7,-999,-999,-999,-999
21,8,-999,-999,-999,-999
21,9,-999,-999,-999,-999
21,10,-999,-999,-999,-999
21,11,-999,-999,-999,-999
21,12,-999,-999,-999,-999
21,13,0,4,0,8.333333333333334e-4
21,14,-999,-999,-999,-999
21,15,-999,-999,-999,-999
21,16,-999,-999,-999,-999
21,17,-999,-999,-999,-999
21,18,-999,-999,-999,-999
21,19,-999,-999,-999,-999
21,20,-999,-999,-999,-999
21,21,-999,-999,-999,-999
23,1,-999,-999,-999,-999
23,2,-999,-999,-999,-999
23,3,-999,-999,-999,-999
23,4,-999,-999,-999,-999
23,5,-999,-999,-999,-999
23,6,-999,-999,-999,-999
23,7,0,4,0,0.9716666666666666
23,8,-999,-999,-999,-999
23,9,-999,-999,-999,-999
23,10,-999,-999,-999,-999
23,11,0,6,0,0.24388888888888888
23,12,-999,-999,-999,-999
23,13,-999,-999,-999,-999
23,14,-999,-999,-999,-999
23,15,-999,-999,-999,-999
23,16,0,6,0,0.913888888888889
23,17,0,4,0,0.08888888888888888
23,18,0,3,0,0.4938888888888889
23,19,-999,-999,-999,-999
23,20,0,2,0,0.43555555555555553
23,21,0,3,0,0.8058333333333334
24,1,-999,-999,-999,-999
24,2,0.15416666666666667,7,0.21527777777777776,2.1755555555555555
24,3,0.19027777777777777,7,0,0.9875
24,4,-999,-999,-999,-999
24,5,0,7,0,1.1216666666666666
24,6,0,7,0.30666666666666664,1.233611111111111
24,7,0,6,0,1.3347222222222221
24,8,0,6,0,1.22
24,9,0,6,0.385,1.8044444444444445
24,10,0,6,0,1.405
24,11,-999,-999,-999,-999
24,12,0.2847222222222222,6,0,0.9208333333333333
24,13,-999,-999,-999,-999
24,14,0,6,0,1.8783333333333334
24,15,0,6,0.48833333333333334,1.7233333333333334
24,16,0.4527777777777778,6,0,1.4977777777777777
24,17,0,4,0.36277777777777775,1.2772222222222223
24,18,-999,-999,-999,-999
24,19,0,6,0,0.8666666666666667
24,20,-999,-999,-999,-999
24,21,-999,-999,-999,-999
26,1,-999,-999,-999,-999
26,2,-999,-999,-999,-999
26,3,-999,-999,-999,-999
26,4,0,4,0,1.1391666666666667
26,5,-999,-999,-999,-999
26,6,0.04,4,0,0
26,7,0,4,0,0.6686111111111112
26,8,0.02666666666666667,4,0,0.059722222222222225
26,9,0,4,0.0761111111111111,0.18555555555555556
26,10,0.07333333333333333,4,0,0
26,11,0,4,0,0.10833333333333334
26,12,-999,-999,-999,-999
26,13,0,4,0,0.3011111111111111
26,14,0,4,0,0.024444444444444442
26,15,0,4,0,0.20222222222222222
26,16,0.28777777777777774,4,0,0.49694444444444447
26,17,0,4,0.24388888888888888,0.4886111111111111
26,18,0.07277777777777777,4,0.31472222222222224,0.6219444444444445
26,19,-999,-999,-999,-999
26,20,0,5,0,0.13416666666666668
26,21,0.036944444444444446,3,0.3527777777777778,0.26555555555555554
30,1,-999,-999,-999,-999
30,2,0,7,0,0.03361111111111111
30,3,-999,-999,-999,-999
30,4,-999,-999,-999,-999
30,5,-999,-999,-999,-999
30,6,-999,-999,-999,-999
30,7,-999,-999,-999,-999
30,8,0.6733333333333333,7,0.41388888888888886,0.5172222222222222
30,9,0,6,0,1.2072222222222222
30,10,0,7,0,0.8880555555555555
30,11,0,7,0,0.7119444444444445
30,12,-999,-999,-999,-999
30,13,0,5,0,0.4777777777777778
30,14,0,7,0.03666666666666667,0.7569444444444444
30,15,0.02888888888888889,6,0.35027777777777774,0.9305555555555556
30,16,0,7,0,0.6305555555555556
30,17,0,6,0.40944444444444444,1.0191666666666666
30,18,0,6,0,0.43944444444444447
30,19,-999,-999,-999,-999
30,20,0,7,0,0.011666666666666665
30,21,0,6,0.02666666666666667,0.6947222222222221
31,1,-999,-999,-999,-999
31,2,-999,-999,-999,-999
31,3,-999,-999,-999,-999
31,4,-999,-999,-999,-999
31,5,-999,-999,-999,-999
31,6,-999,-999,-999,-999
31,7,-999,-999,-999,-999
31,8,0,4,0,0.14444444444444443
31,9,-999,-999,-999,-999
31,10,-999,-999,-999,-999
31,11,0,4,0,0.08638888888888889
31,12,0,4,0,0.33305555555555555
31,13,-999,-999,-999,-999
31,14,0,4,0,0.17833333333333332
31,15,-999,-999,-999,-999
31,16,0,4,0,0.09055555555555556
31,17,-999,-999,-999,-999
31,18,0,4,0,0.7388888888888889
31,19,0,4,0,0.16861111111111113
31,20,0,3,0,0.01888888888888889
31,21,0,4,0,0.0016666666666666668
33,1,-999,-999,-999,-999
33,2,-999,-999,-999,-999
33,3,-999,-999,-999,-999
33,4,-999,-999,-999,-999
33,5,-999,-999,-999,-999
33,6,-999,-999,-999,-999
33,7,-999,-999,-999,-999
33,8,-999,-999,-999,-999
33,9,-999,-999,-999,-999
33,10,-999,-999,-999,-999
33,11,0,6,0.27361111111111114,0
33,12,-999,-999,-999,-999
33,13,-999,-999,-999,-999
33,14,-999,-999,-999,-999
33,15,-999,-999,-999,-999
33,16,-999,-999,-999,-999
33,17,-999,-999,-999,-999
33,18,-999,-999,-999,-999
33,19,-999,-999,-999,-999
33,20,-999,-999,-999,-999
33,21,-999,-999,-999,-999
36,1,-999,-999,-999,-999
36,2,-999,-999,-999,-999
36,3,-999,-999,-999,-999
36,4,-999,-999,-999,-999
36,5,-999,-999,-999,-999
36,6,-999,-999,-999,-999
36,7,0,7,0,0.05388888888888889
36,8,-999,-999,-999,-999
36,9,-999,-999,-999,-999
36,10,-999,-999,-999,-999
36,11,0.43083333333333335,5,0,0
36,12,-999,-999,-999,-999
36,13,-999,-999,-999,-999
36,14,0,6,0,0.11166666666666666
36,15,-999,-999,-999,-999
36,16,0.055,7,0,0.2675
36,17,0,7,0,0.7155555555555555
36,18,0,7,0.14666666666666667,0.6291666666666667
36,19,-999,-999,-999,-999
36,20,-999,-999,-999,-999
36,21,0,7,0,0.4483333333333333
37,1,-999,-999,-999,-999
37,2,-999,-999,-999,-999
37,3,0,7,0,0.19
37,4,-999,-999,-999,-999
37,5,-999,-999,-999,-999
37,6,-999,-999,-999,-999
37,7,-999,-999,-999,-999
37,8,-999,-999,-999,-999
37,9,0,6,0,0.016944444444444443
37,10,0,4,0.024722222222222222,0.37027777777777776
37,11,-999,-999,-999,-999
37,12,-999,-999,-999,-999
37,13,-999,-999,-999,-999
37,14,-999,-999,-999,-999
37,15,-999,-999,-999,-999
37,16,-999,-999,-999,-999
37,17,-999,-999,-999,-999
37,18,-999,-999,-999,-999
37,19,-999,-999,-999,-999
37,20,-999,-999,-999,-999
37,21,-999,-999,-999,-999
40,1,0,6,0,1.3047222222222221
40,2,0,4,0,0.8294444444444444
40,3,0,4,0,0
40,4,0,5,0,1.0091666666666665
40,5,0,6,0.025,2.1375
40,6,0,6,0.21805555555555556,2.489722222222222
40,7,0.049444444444444444,6,0,2.189722222222222
40,8,0,5,0,0.016944444444444443
40,9,0,5,0,0.30722222222222223
40,10,-999,-999,-999,-999
40,11,0,5,0,0.9713888888888889
40,12,-999,-999,-999,-999
40,13,0.07277777777777777,4,0,0.33888888888888885
40,14,0.1763888888888889,3,0,0.06361111111111112
40,15,0.01583333333333333,6,0.06694444444444445,0.5816666666666667
40,16,0.45583333333333337,6,0.15666666666666668,0.7313888888888889
40,17,0,5,8.333333333333334e-4,0.7786111111111111
40,18,0,4,0.4533333333333333,2.1855555555555553
40,19,-999,-999,-999,-999
40,20,0,4,0,0.5222222222222223
40,21,5.555555555555556e-4,4,0.26083333333333336,0.5013888888888889
46,1,-999,-999,-999,-999
46,2,-999,-999,-999,-999
46,3,0,4,5.555555555555556e-4,0
46,4,-999,-999,-999,-999
46,5,-999,-999,-999,-999
46,6,-999,-999,-999,-999
46,7,-999,-999,-999,-999
46,8,-999,-999,-999,-999
46,9,-999,-999,-999,-999
46,10,0,6,0,8.333333333333334e-4
46,11,-999,-999,-999,-999
46,12,-999,-999,-999,-999
46,13,-999,-999,-999,-999
46,14,-999,-999,-999,-999
46,15,-999,-999,-999,-999
46,16,-999,-999,-999,-999
46,17,-999,-999,-999,-999
46,18,-999,-999,-999,-999
46,19,-999,-999,-999,-999
46,20,-999,-999,-999,-999
46,21,-999,-999,-999,-999
47,1,-999,-999,-999,-999
47,2,-999,-999,-999,-999
47,3,-999,-999,-999,-999
47,4,-999,-999,-999,-999
47,5,-999,-999,-999,-999
47,6,-999,-999,-999,-999
47,7,-999,-999,-999,-999
47,8,-999,-999,-999,-999
47,9,-999,-999,-999,-999
47,10,-999,-999,-999,-999
47,11,-999,-999,-999,-999
47,12,-999,-999,-999,-999
47,13,-999,-999,-999,-999
47,14,-999,-999,-999,-999
47,15,-999,-999,-999,-999
47,16,-999,-999,-999,-999
47,17,-999,-999,-999,-999
47,18,-999,-999,-999,-999
47,19,-999,-999,-999,-999
47,20,0,7,0,0.03777777777777778
47,21,-999,-999,-999,-999
51,1,-999,-999,-999,-999
51,2,-999,-999,-999,-999
51,3,-999,-999,-999,-999
51,4,-999,-999,-999,-999
51,5,-999,-999,-999,-999
51,6,-999,-999,-999,-999
51,7,-999,-999,-999,-999
51,8,-999,-999,-999,-999
51,9,-999,-999,-999,-999
51,10,-999,-999,-999,-999
51,11,-999,-999,-999,-999
51,12,-999,-999,-999,-999
51,13,-999,-999,-999,-999
51,14,-999,-999,-999,-999
51,15,-999,-999,-999,-999
51,16,-999,-999,-999,-999
51,17,-999,-999,-999,-999
51,18,-999,-999,-999,-999
51,19,0,6,0,0.2602777777777778
51,20,-999,-999,-999,-999
51,21,0,7,0,0.14138888888888887
53,1,-999,-999,-999,-999
53,2,-999,-999,-999,-999
53,3,-999,-999,-999,-999
53,4,-999,-999,-999,-999
53,5,-999,-999,-999,-999
53,6,-999,-999,-999,-999
53,7,-999,-999,-999,-999
53,8,-999,-999,-999,-999
53,9,-999,-999,-999,-999
53,10,0,6,0,0.1475
53,11,-999,-999,-999,-999
53,12,-999,-999,-999,-999
53,13,-999,-999,-999,-999
53,14,-999,-999,-999,-999
53,15,-999,-999,-999,-999
53,16,-999,-999,-999,-999
53,17,0,6,0,0.14138888888888887
53,18,0,6,0,1.9716666666666667
53,19,-999,-999,-999,-999
53,20,0,6,0,1.856111111111111
53,21,-999,-999,-999,-999
55,1,0,6,0,1.5880555555555556
55,2,0,6,0.165,1.451111111111111
55,3,0,5,0.3005555555555556,1.505
55,4,0,6,0,2.3813888888888886
55,5,0,6,0,0.6102777777777778
55,6,-999,-999,-999,-999
55,7,0,7,0.09944444444444445,0.3188888888888889
55,8,0.011666666666666665,6,0,0.5247222222222222
55,9,0,6,0,1.0716666666666665
55,10,0,5,0.07,1.321388888888889
55,11,0,6,0,2.6866666666666665
55,12,-999,-999,-999,-999
55,13,0,6,0,1.4266666666666665
55,14,0,6,0.020833333333333332,0.35583333333333333
55,15,0,7,0.01888888888888889,0.22888888888888886
55,16,0,6,0.095,1.2461111111111112
55,17,0,6,0,0.5636111111111112
55,18,0,6,0,0.21722222222222223
55,19,-999,-999,-999,-999
55,20,0,6,0,0.15388888888888888
55,21,0,7,0,0.1986111111111111
56,1,-999,-999,-999,-999
56,2,-999,-999,-999,-999
56,3,-999,-999,-999,-999
56,4,-999,-999,-999,-999
56,5,-999,-999,-999,-999
56,6,-999,-999,-999,-999
56,7,-999,-999,-999,-999
56,8,-999,-999,-999,-999
56,9,8.333333333333334e-4,4,0,0
56,10,-999,-999,-999,-999
56,11,0,5,0,0.0013888888888888887
56,12,-999,-999,-999,-999
56,13,-999,-999,-999,-999
56,14,-999,-999,-999,-999
56,15,0,5,0,0.005
56,16,0,4,0.0027777777777777775,0
56,17,-999,-999,-999,-999
56,18,0,4,0,1.666388888888889
56,19,-999,-999,-999,-999
56,20,-999,-999,-999,-999
56,21,-999,-999,-999,-999
57,1,-999,-999,-999,-999
57,2,-999,-999,-999,-999
57,3,-999,-999,-999,-999
57,4,-999,-999,-999,-999
57,5,-999,-999,-999,-999
57,6,-999,-999,-999,-999
57,7,-999,-999,-999,-999
57,8,-999,-999,-999,-999
57,9,-999,-999,-999,-999
57,10,0,7,0,0.44277777777777777
57,11,-999,-999,-999,-999
57,12,-999,-999,-999,-999
57,13,-999,-999,-999,-999
57,14,-999,-999,-999,-999
57,15,-999,-999,-999,-999
57,16,-999,-999,-999,-999
57,17,-999,-999,-999,-999
57,18,-999,-999,-999,-999
57,19,-999,-999,-999,-999
57,20,-999,-999,-999,-999
57,21,-999,-999,-999,-999
62,1,-999,-999,-999,-999
62,2,-999,-999,-999,-999
62,3,-999,-999,-999,-999
62,4,-999,-999,-999,-999
62,5,-999,-999,-999,-999
62,6,-999,-999,-999,-999
62,7,0,7,0,0.008333333333333333
62,8,-999,-999,-999,-999
62,9,-999,-999,-999,-999
62,10,-999,-999,-999,-999
62,11,-999,-999,-999,-999
62,12,0,7,0.48277777777777775,1.0891666666666666
62,13,-999,-999,-999,-999
62,14,-999,-999,-999,-999
62,15,-999,-999,-999,-999
62,16,-999,-999,-999,-999
62,17,-999,-999,-999,-999
62,18,-999,-999,-999,-999
62,19,-999,-999,-999,-999
62,20,-999,-999,-999,-999
62,21,-999,-999,-999,-999
63,1,0,7,0,0.49638888888888894
63,2,0.029444444444444443,7,0.15944444444444444,0.27972222222222226
63,3,0,7,0,0.1377777777777778
63,4,0,7,0,0.10472222222222222
63,5,-999,-999,-999,-999
63,6,-999,-999,-999,-999
63,7,0,7,0,0.029166666666666667
63,8,0,7,0,0.27944444444444444
63,9,0,7,0,0.1888888888888889
63,10,0,7,0.030833333333333334,0.3794444444444444
63,11,-999,-999,-999,-999
63,12,-999,-999,-999,-999
63,13,0,7,0,0.21055555555555555
63,14,0,7,0,0.0813888888888889
63,15,-999,-999,-999,-999
63,16,0,7,0,0.6222222222222222
63,17,0,7,0,0.1861111111111111
63,18,0,7,0.011666666666666665,0.27194444444444443
63,19,0,7,0.05583333333333333,0.2594444444444444
63,20,0,7,0.011944444444444445,0
63,21,0,7,0,0.03166666666666666
66,1,0,7,0,1.9627777777777777
66,2,0,6,0.06666666666666667,1.0733333333333335
66,3,0,7,0.16972222222222222,1.402777777777778
66,4,0.2122222222222222,7,0.5713888888888888,0.7422222222222222
66,5,-999,-999,-999,-999
66,6,-999,-999,-999,-999
66,7,-999,-999,-999,-999
66,8,-999,-999,-999,-999
66,9,-999,-999,-999,-999
66,10,0,7,0,0.10444444444444444
66,11,2.777777777777778e-4,7,0,0.5675
66,12,0,4,0.18194444444444444,1.2888888888888888
66,13,0.13805555555555554,7,0.02888888888888889,1.0372222222222223
66,14,-999,-999,-999,-999
66,15,0,7,0,0.02777777777777778
66,16,5.555555555555556e-4,7,0,0.09583333333333334
66,17,-999,-999,-999,-999
66,18,0,7,0,0.04611111111111111
66,19,0,7,0,0.05388888888888889
66,20,0,7,0,5.555555555555556e-4
66,21,0,6,0,0.023611111111111114
70,1,0,5,0,0.23916666666666667
70,2,0,6,0,0.04861111111111111
70,3,0,5,0,0.4516666666666667
70,4,-999,-999,-999,-999
70,5,-999,-999,-999,-999
70,6,-999,-999,-999,-999
70,7,-999,-999,-999,-999
70,8,-999,-999,-999,-999
70,9,0,5,0,1.3605555555555557
70,10,-999,-999,-999,-999
70,11,0,5,0,0.09222222222222222
70,12,-999,-999,-999,-999
70,13,-999,-999,-999,-999
70,14,0,5,0,0
70,15,-999,-999,-999,-999
70,16,0,5,0,0.36000000000000004
70,17,0,5,0,0.10861111111111112
70,18,-999,-999,-999,-999
70,19,0,5,0,0.02222222222222222
70,20,-999,-999,-999,-999
70,21,-999,-999,-999,-999
71,1,-999,-999,-999,-999
71,2,0,4,0,0.03611111111111111
71,3,-999,-999,-999,-999
71,4,-999,-999,-999,-999
71,5,-999,-999,-999,-999
71,6,-999,-999,-999,-999
71,7,-999,-999,-999,-999
71,8,-999,-999,-999,-999
71,9,-999,-999,-999,-999
71,10,0,4,0,0.07194444444444444
71,11,-999,-999,-999,-999
71,12,-999,-999,-999,-999
71,13,-999,-999,-999,-999
71,14,-999,-999,-999,-999
71,15,-999,-999,-999,-999
71,16,-999,-999,-999,-999
71,17,-999,-999,-999,-999
71,18,-999,-999,-999,-999
71,19,-999,-999,-999,-999
71,20,-999,-999,-999,-999
71,21,-999,-999,-999,-999
72,1,0,7,0,1.0291666666666666
72,2,0,7,0,4.823055555555555
72,3,-999,-999,-999,-999
72,4,0,4,0,1.0925
72,5,-999,-999,-999,-999
72,6,0,7,0,1.366111111111111
72,7,0,4,0,0.39555555555555555
72,8,-999,-999,-999,-999
72,9,0,4,0,1.5297222222222222
72,10,0,4,0,0.9674999999999999
72,11,-999,-999,-999,-999
72,12,-999,-999,-999,-999
72,13,-999,-999,-999,-999
72,14,-999,-999,-999,-999
72,15,0,4,0.11,0.7955555555555556
72,16,1.1672222222222222,3,0,0.92
72,17,0,4,0,0.8661111111111112
72,18,-999,-999,-999,-999
72,19,-999,-999,-999,-999
72,20,-999,-999,-999,-999
72,21,0,4,0,1.366111111111111
79,1,-999,-999,-999,-999
79,2,0,7,0,0.0013888888888888887
79,3,-999,-999,-999,-999
79,4,-999,-999,-999,-999
79,5,-999,-999,-999,-999
79,6,-999,-999,-999,-999
79,7,0,7,0,8.333333333333334e-4
79,8,-999,-999,-999,-999
79,9,-999,-999,-999,-999
79,10,0,7,0,2.777777777777778e-4
79,11,-999,-999,-999,-999
79,12,-999,-999,-999,-999
79,13,0,7,0,8.333333333333334e-4
79,14,-999,-999,-999,-999
79,15,-999,-999,-999,-999
79,16,-999,-999,-999,-999
79,17,-999,-999,-999,-999
79,18,-999,-999,-999,-999
79,19,-999,-999,-999,-999
79,20,-999,-999,-999,-999
79,21,-999,-999,-999,-999
86,1,0,4,0,0.11583333333333333
86,2,-999,-999,-999,-999
86,3,-999,-999,-999,-999
86,4,-999,-999,-999,-999
86,5,-999,-999,-999,-999
86,6,-999,-999,-999,-999
86,7,-999,-999,-999,-999
86,8,-999,-999,-999,-999
86,9,-999,-999,-999,-999
86,10,-999,-999,-999,-999
86,11,-999,-999,-999,-999
86,12,-999,-999,-999,-999
86,13,-999,-999,-999,-999
86,14,-999,-999,-999,-999
86,15,-999,-999,-999,-999
86,16,-999,-999,-999,-999
86,17,0,7,0,0.23333333333333334
86,18,-999,-999,-999,-999
86,19,-999,-999,-999,-999
86,20,-999,-999,-999,-999
86,21,-999,-999,-999,-999
88,1,-999,-999,-999,-999
88,2,0,5,0,2.777777777777778e-4
88,3,-999,-999,-999,-999
88,4,-999,-999,-999,-999
88,5,-999,-999,-999,-999
88,6,0,6,0,0.030555555555555555
88,7,-999,-999,-999,-999
88,8,-999,-999,-999,-999
88,9,-999,-999,-999,-999
88,10,-999,-999,-999,-999
88,11,-999,-999,-999,-999
88,12,-999,-999,-999,-999
88,13,-999,-999,-999,-999
88,14,-999,-999,-999,-999
88,15,-999,-999,-999,-999
88,16,0,6,0,2.777777777777778e-4
88,17,-999,-999,-999,-999
88,18,-999,-999,-999,-999
88,19,2.777777777777778e-4,5,0,0.06472222222222222
88,20,-999,-999,-999,-999
88,21,-999,-999,-999,-999
90,1,0.0027777777777777775,7,0.043055555555555555,5.555555555555556e-4
90,2,0,7,0,0.7144444444444444
90,3,0,7,0,0.9547222222222221
90,4,0,7,0,0.9444444444444444
90,5,0,7,0,0.025555555555555557
90,6,0.2930555555555555,7,0,1.0194444444444444
90,7,0,7,0,0.5844444444444445
90,8,0,7,0,1.5005555555555554
90,9,0,7,0,1.7433333333333332
90,10,0,7,0,0.4505555555555556
90,11,0,7,0,1.5263888888888888
90,12,-999,-999,-999,-999
90,13,0,7,0,0.014444444444444446
90,14,-999,-999,-999,-999
90,15,0.5538888888888889,7,0,0.701388888888889
90,16,0,7,0,0.17777777777777776
90,17,0.2836111111111111,7,0.37416666666666665,1.3013888888888887
90,18,0,7,0,1.2194444444444446
90,19,0,7,0,0.48638888888888887
90,20,-999,-999,-999,-999
90,21,-999,-999,-999,-999
94,1,0,1,0,0.3925
94,2,0,3,0,0.15444444444444447
94,3,0,5,0,0.08361111111111111
94,4,-999,-999,-999,-999
94,5,-999,-999,-999,-999
94,6,-999,-999,-999,-999
94,7,-999,-999,-999,-999
94,8,-999,-999,-999,-999
94,9,-999,-999,-999,-999
94,10,-999,-999,-999,-999
94,11,0,4,0.23555555555555555,0.2125
94,12,-999,-999,-999,-999
94,13,-999,-999,-999,-999
94,14,-999,-999,-999,-999
94,15,-999,-999,-999,-999
94,16,-999,-999,-999,-999
94,17,-999,-999,-999,-999
94,18,-999,-999,-999,-999
94,19,-999,-999,-999,-999
94,20,-999,-999,-999,-999
94,21,-999,-999,-999,-999
95,1,-999,-999,-999,-999
95,2,-999,-999,-999,-999
95,3,-999,-999,-999,-999
95,4,-999,-999,-999,-999
95,5,-999,-999,-999,-999
95,6,-999,-999,-999,-999
95,7,-999,-999,-999,-999
95,8,0,7,0,2.777777777777778e-4
95,9,-999,-999,-999,-999
95,10,-999,-999,-999,-999
95,11,-999,-999,-999,-999
95,12,-999,-999,-999,-999
95,13,-999,-999,-999,-999
95,14,-999,-999,-999,-999
95,15,0,7,0,0.0125
95,16,-999,-999,-999,-999
95,17,-999,-999,-999,-999
95,18,-999,-999,-999,-999
95,19,-999,-999,-999,-999
95,20,-999,-999,-999,-999
95,21,-999,-999,-999,-999
97,1,-999,-999,-999,-999
97,2,-999,-999,-999,-999
97,3,-999,-999,-999,-999
97,4,-999,-999,-999,-999
97,5,-999,-999,-999,-999
97,6,-999,-999,-999,-999
97,7,-999,-999,-999,-999
97,8,-999,-999,-999,-999
97,9,-999,-999,-999,-999
97,10,-999,-999,-999,-999
97,11,-999,-999,-999,-999
97,12,-999,-999,-999,-999
97,13,0,4,0,2.777777777777778e-4
97,14,-999,-999,-999,-999
97,15,-999,-999,-999,-999
97,16,-999,-999,-999,-999
97,17,-999,-999,-999,-999
97,18,-999,-999,-999,-999
97,19,-999,-999,-999,-999
97,20,-999,-999,-999,-999
97,21,-999,-999,-999,-999
98,1,-999,-999,-999,-999
98,2,-999,-999,-999,-999
98,3,-999,-999,-999,-999
98,4,-999,-999,-999,-999
98,5,-999,-999,-999,-999
98,6,0,5,0,0.02
98,7,-999,-999,-999,-999
98,8,-999,-999,-999,-999
98,9,-999,-999,-999,-999
98,10,-999,-999,-999,-999
98,11,-999,-999,-999,-999
98,12,0,3,0,0.009722222222222222
98,13,-999,-999,-999,-999
98,14,-999,-999,-999,-999
98,15,-999,-999,-999,-999
98,16,-999,-999,-999,-999
98,17,-999,-999,-999,-999
98,18,-999,-999,-999,-999
98,19,-999,-999,-999,-999
98,20,-999,-999,-999,-999
98,21,-999,-999,-999,-999
99,1,-999,-999,-999,-999
99,2,-999,-999,-999,-999
99,3,-999,-999,-999,-999
99,4,-999,-999,-999,-999
99,5,-999,-999,-999,-999
99,6,-999,-999,-999,-999
99,7,-999,-999,-999,-999
99,8,-999,-999,-999,-999
99,9,-999,-999,-999,-999
99,10,-999,-999,-999,-999
99,11,0,5,0,0.0013888888888888887
99,12,-999,-999,-999,-999
99,13,-999,-999,-999,-999
99,14,-999,-999,-999,-999
99,15,-999,-999,-999,-999
99,16,-999,-999,-999,-999
99,17,-999,-999,-999,-999
99,18,-999,-999,-999,-999
99,19,-999,-999,-999,-999
99,20,-999,-999,-999,-999
99,21,-999,-999,-999,-999
100,1,0.049444444444444444,6,0.3036111111111111,0.836111111111111
100,2,0.07944444444444444,7,0.5163888888888889,2.295
100,3,-999,-999,-999,-999
100,4,1.0694444444444444,7,0.4052777777777778,1.3422222222222222
100,5,-999,-999,-999,-999
100,6,-999,-999,-999,-999
100,7,0.012222222222222221,7,0.625,1.231111111111111
100,8,-999,-999,-999,-999
100,9,-999,-999,-999,-999
100,10,-999,-999,-999,-999
100,11,-999,-999,-999,-999
100,12,-999,-999,-999,-999
100,13,-999,-999,-999,-999
100,14,0.017222222222222226,6,0.14833333333333334,3.417777777777778
100,15,-999,-999,-999,-999
100,16,0,6,0,0.46861111111111114
100,17,-999,-999,-999,-999
100,18,-999,-999,-999,-999
100,19,-999,-999,-999,-999
100,20,-999,-999,-999,-999
100,21,-999,-999,-999,-999
102,1,0,4,0,0.8730555555555556
102,2,0,4,0,0.7411111111111112
102,3,-999,-999,-999,-999
102,4,0,3,0,1.6677777777777778
102,5,-999,-999,-999,-999
102,6,-999,-999,-999,-999
102,7,-999,-999,-999,-999
102,8,-999,-999,-999,-999
102,9,-999,-999,-999,-999
102,10,0,4,0.04861111111111111,0.1436111111111111
102,11,0,3,0,0.5611111111111111
102,12,0,3,0,0.25083333333333335
102,13,-999,-999,-999,-999
102,14,-999,-999,-999,-999
102,15,0,2,0,0.01388888888888889
102,16,0,6,0,0.010277777777777778
102,17,0,2,0,0.7899999999999999
102,18,0,4,0,1.096111111111111
102,19,-999,-999,-999,-999
102,20,-999,-999,-999,-999
102,21,-999,-999,-999,-999
104,1,-999,-999,-999,-999
104,2,0,6,0,0.04833333333333333
104,3,-999,-999,-999,-999
104,4,-999,-999,-999,-999
104,5,-999,-999,-999,-999
104,6,-999,-999,-999,-999
104,7,-999,-999,-999,-999
104,8,-999,-999,-999,-999
104,9,-999,-999,-999,-999
104,10,0,7,0,1.818611111111111
104,11,-999,-999,-999,-999
104,12,0,6,0,0.15944444444444444
104,13,-999,-999,-999,-999
104,14,-999,-999,-999,-999
104,15,-999,-999,-999,-999
104,16,-999,-999,-999,-999
104,17,-999,-999,-999,-999
104,18,-999,-999,-999,-999
104,19,-999,-999,-999,-999
104,20,-999,-999,-999,-999
104,21,-999,-999,-999,-999
105,1,-999,-999,-999,-999
105,2,-999,-999,-999,-999
105,3,-999,-999,-999,-999
105,4,-999,-999,-999,-999
105,5,-999,-999,-999,-999
105,6,-999,-999,-999,-999
105,7,-999,-999,-999,-999
105,8,-999,-999,-999,-999
105,9,-999,-999,-999,-999
105,10,-999,-999,-999,-999
105,11,-999,-999,-999,-999
105,12,-999,-999,-999,-999
105,13,-999,-999,-999,-999
105,14,0,6,0,0.17222222222222222
105,15,-999,-999,-999,-999
105,16,0,6,0,1.3358333333333334
105,17,-999,-999,-999,-999
105,18,-999,-999,-999,-999
105,19,-999,-999,-999,-999
105,20,-999,-999,-999,-999
105,21,-999,-999,-999,-999
106,1,-999,-999,-999,-999
106,2,-999,-999,-999,-999
106,3,-999,-999,-999,-999
106,4,-999,-999,-999,-999
106,5,-999,-999,-999,-999
106,6,-999,-999,-999,-999
106,7,-999,-999,-999,-999
106,8,-999,-999,-999,-999
106,9,-999,-999,-999,-999
106,10,-999,-999,-999,-999
106,11,-999,-999,-999,-999
106,12,-999,-999,-999,-999
106,13,-999,-999,-999,-999
106,14,-999,-999,-999,-999
106,15,-999,-999,-999,-999
106,16,-999,-999,-999,-999
106,17,-999,-999,-999,-999
106,18,-999,-999,-999,-999
106,19,-999,-999,-999,-999
106,20,0,5,0,0.050555555555555555
106,21,-999,-999,-999,-999
108,1,0.895,5,0.08083333333333333,1.3422222222222222
108,2,0,3,0.7388888888888889,1.2219444444444443
108,3,0.06833333333333333,5,0,0.7172222222222222
108,4,0.19972222222222222,2,0.03638888888888889,0.8644444444444445
108,5,1.968611111111111,4,0.05222222222222222,1.9408333333333334
108,6,0.3091666666666667,6,0,0.2891666666666667
108,7,0.22305555555555553,4,0.020555555555555556,1.0419444444444443
108,8,0.37138888888888894,6,0,0.44305555555555554
108,9,0.026944444444444444,6,0.06361111111111112,2.7405555555555554
108,10,0,5,0.059166666666666666,2.4980555555555553
108,11,0.5205555555555555,3,0.1913888888888889,3.4722222222222223
108,12,0,3,0.0661111111111111,0.3619444444444444
108,13,-999,-999,-999,-999
108,14,0,5,0,2.8052777777777775
108,15,0,5,0.11972222222222223,1.1575
108,16,0.17277777777777778,5,0,1.99
108,17,0.2725,6,0,1.4883333333333333
108,18,0.30583333333333335,3,0.39333333333333337,3.716666666666667
108,19,0.07805555555555556,6,0.03777777777777778,4.0475
108,20,0.07138888888888889,6,0,0.28583333333333333
108,21,0.0961111111111111,3,0.02777777777777778,0.6738888888888889
110,1,0.0016666666666666668,7,0,0.1638888888888889
110,2,0,5,0,0.18555555555555556
110,3,0,6,0,1.658611111111111
110,4,0,6,0,0.2972222222222222
110,5,-999,-999,-999,-999
110,6,0.9672222222222222,6,0,2.1869444444444444
110,7,0,7,0,1.2986111111111112
110,8,-999,-999,-999,-999
110,9,0,7,0,0.4716666666666667
110,10,0,7,0,0.6027777777777777
110,11,0,7,0,1.8991666666666667
110,12,-999,-999,-999,-999
110,13,-999,-999,-999,-999
110,14,0,7,0,3.341666666666667
110,15,0,7,0.004722222222222222,8.099444444444444
110,16,-999,-999,-999,-999
110,17,-999,-999,-999,-999
110,18,0,7,0,2.081388888888889
110,19,-999,-999,-999,-999
110,20,-999,-999,-999,-999
110,21,0,7,0.030833333333333334,1.4244444444444444
111,1,-999,-999,-999,-999
111,2,-999,-999,-999,-999
111,3,-999,-999,-999,-999
111,4,-999,-999,-999,-999
111,5,-999,-999,-999,-999
111,6,-999,-999,-999,-999
111,7,-999,-999,-999,-999
111,8,-999,-999,-999,-999
111,9,0,7,0.6233333333333333,2.2652777777777775
111,10,0,7,0.7758333333333333,1.1655555555555557
111,11,-999,-999,-999,-999
111,12,-999,-999,-999,-999
111,13,-999,-999,-999,-999
111,14,-999,-999,-999,-999
111,15,-999,-999,-999,-999
111,16,-999,-999,-999,-999
111,17,-999,-999,-999,-999
111,18,-999,-999,-999,-999
111,19,-999,-999,-999,-999
111,20,-999,-999,-999,-999
111,21,-999,-999,-999,-999
113,1,0,4,0,0.16083333333333333
113,2,-999,-999,-999,-999
113,3,-999,-999,-999,-999
113,4,0.013055555555555555,4,0,0
113,5,-999,-999,-999,-999
113,6,-999,-999,-999,-999
113,7,-999,-999,-999,-999
113,8,-999,-999,-999,-999
113,9,-999,-999,-999,-999
113,10,-999,-999,-999,-999
113,11,-999,-999,-999,-999
113,12,-999,-999,-999,-999
113,13,-999,-999,-999,-999
113,14,-999,-999,-999,-999
113,15,-999,-999,-999,-999
113,16,-999,-999,-999,-999
113,17,-999,-999,-999,-999
113,18,-999,-999,-999,-999
113,19,-999,-999,-999,-999
113,20,-999,-999,-999,-999
113,21,-999,-999,-999,-999
114,1,0,5,0,0.6447222222222222
114,2,-999,-999,-999,-999
114,3,0,6,0,0.9308333333333334
114,4,-999,-999,-999,-999
114,5,-999,-999,-999,-999
114,6,-999,-999,-999,-999
114,7,0,5,0,0.019444444444444445
114,8,0,6,0.051944444444444446,0.049444444444444444
114,9,0,5,0,0.33277777777777773
114,10,-999,-999,-999,-999
114,11,-999,-999,-999,-999
114,12,-999,-999,-999,-999
114,13,-999,-999,-999,-999
114,14,-999,-999,-999,-999
114,15,0,6,0,0.11277777777777778
114,16,0,6,0,0.0038888888888888888
114,17,0,6,0,0.0019444444444444444
114,18,-999,-999,-999,-999
114,19,0,6,0,0.2061111111111111
114,20,-999,-999,-999,-999
114,21,0.08083333333333333,6,0.08527777777777777,0
116,1,-999,-999,-999,-999
116,2,-999,-999,-999,-999
116,3,0,4,0,4.073611111111111
116,4,-999,-999,-999,-999
116,5,0,6,0,2.1530555555555555
116,6,0.09027777777777778,6,0,4.454722222222222
116,7,0,5,0,1.8366666666666667
116,8,0,7,0.01111111111111111,0
116,9,0,6,0,0.17972222222222223
116,10,0,6,0,0.37027777777777776
116,11,0,6,0,0.43083333333333335
116,12,-999,-999,-999,-999
116,13,0,7,0,0.13583333333333333
116,14,0,7,0,0.15527777777777776
116,15,-999,-999,-999,-999
116,16,0,7,0,0.13083333333333333
116,17,-999,-999,-999,-999
116,18,0,7,0,0.2891666666666667
116,19,0,7,0,0.6802777777777779
116,20,0.31444444444444447,1,0,2.6991666666666663
116,21,0,5,0,3.862777777777778
120,1,-999,-999,-999,-999
120,2,0,4,0,0.06277777777777778
120,3,-999,-999,-999,-999
120,4,0,4,0,0.4272222222222222
120,5,-999,-999,-999,-999
120,6,-999,-999,-999,-999
120,7,-999,-999,-999,-999
120,8,-999,-999,-999,-999
120,9,-999,-999,-999,-999
120,10,-999,-999,-999,-999
120,11,-999,-999,-999,-999
120,12,-999,-999,-999,-999
120,13,-999,-999,-999,-999
120,14,-999,-999,-999,-999
120,15,-999,-999,-999,-999
120,16,-999,-999,-999,-999
120,17,-999,-999,-999,-999
120,18,-999,-999,-999,-999
120,19,-999,-999,-999,-999
120,20,-999,-999,-999,-999
120,21,-999,-999,-999,-999
121,1,-999,-999,-999,-999
121,2,-999,-999,-999,-999
121,3,-999,-999,-999,-999
121,4,-999,-999,-999,-999
121,5,-999,-999,-999,-999
121,6,-999,-999,-999,-999
121,7,-999,-999,-999,-999
121,8,-999,-999,-999,-999
121,9,0,4,0,0.185
121,10,-999,-999,-999,-999
121,11,-999,-999,-999,-999
121,12,-999,-999,-999,-999
121,13,-999,-999,-999,-999
121,14,-999,-999,-999,-999
121,15,-999,-999,-999,-999
121,16,-999,-999,-999,-999
121,17,-999,-999,-999,-999
121,18,-999,-999,-999,-999
121,19,-999,-999,-999,-999
121,20,-999,-999,-999,-999
121,21,-999,-999,-999,-999
122,1,-999,-999,-999,-999
122,2,0,7,0,0.08638888888888889
122,3,-999,-999,-999,-999
122,4,-999,-999,-999,-999
122,5,-999,-999,-999,-999
122,6,-999,-999,-999,-999
122,7,-999,-999,-999,-999
122,8,-999,-999,-999,-999
122,9,-999,-999,-999,-999
122,10,-999,-999,-999,-999
122,11,-999,-999,-999,-999
122,12,-999,-999,-999,-999
122,13,-999,-999,-999,-999
122,14,0,6,0.09166666666666666,0.11388888888888889
122,15,-999,-999,-999,-999
122,16,-999,-999,-999,-999
122,17,-999,-999,-999,-999
122,18,-999,-999,-999,-999
122,19,-999,-999,-999,-999
122,20,-999,-999,-999,-999
122,21,-999,-999,-999,-999
128,1,0,5,0.19166666666666668,7.064722222222222
128,2,0,6,0,4.932777777777777
128,3,0,5,0,5.172777777777778
128,4,0,6,0.10388888888888889,5.205555555555555
128,5,2.777777777777778e-4,6,0.3286111111111111,3.256111111111111
128,6,0,7,5.555555555555556e-4,3.7938888888888886
128,7,0,6,5.555555555555556e-4,1.5552777777777778
128,8,0,7,2.777777777777778e-4,2.4080555555555554
128,9,0,7,0,3.671111111111111
128,10,0,6,2.777777777777778e-4,2.248888888888889
128,11,0,6,2.777777777777778e-4,2.0772222222222223
128,12,0,6,0.6141666666666666,3.349722222222222
128,13,0,7,2.777777777777778e-4,5.108611111111111
128,14,0,6,0,7.2363888888888885
128,15,0,6,2.777777777777778e-4,3.595833333333333
128,16,2.777777777777778e-4,6,2.777777777777778e-4,4.519722222222223
128,17,0,6,0.9041666666666667,2.751388888888889
128,18,0,3,0,3.908333333333333
128,19,0,6,0.11361111111111111,3.2519444444444447
128,20,0,6,0,7.581944444444445
128,21,0,5,5.555555555555556e-4,2.3994444444444443
129,1,0,4,0,0.4075
129,2,0.2388888888888889,2,0,0.3141666666666667
129,3,0,5,0,0.8975000000000001
129,4,0,5,0,0.21777777777777776
129,5,-999,-999,-999,-999
129,6,-999,-999,-999,-999
129,7,0,4,0,1.9986111111111111
129,8,0.30833333333333335,4,0,1.5452777777777778
129,9,0,5,0.3611111111111111,0.27749999999999997
129,10,-999,-999,-999,-999
129,11,0,7,0,0.1963888888888889
129,12,-999,-999,-999,-999
129,13,0,7,0,0.06194444444444445
129,14,-999,-999,-999,-999
129,15,0,1,0,0.037222222222222226
129,16,-999,-999,-999,-999
129,17,-999,-999,-999,-999
129,18,-999,-999,-999,-999
129,19,-999,-999,-999,-999
129,20,-999,-999,-999,-999
129,21,-999,-999,-999,-999
130,1,0,6,0.3244444444444444,1.5155555555555555
130,2,0,6,0.16333333333333336,3.220833333333333
130,3,0.014722222222222222,5,0.44583333333333336,2.8163888888888886
130,4,0,6,0.5391666666666667,6.273888888888889
130,5,-999,-999,-999,-999
130,6,-999,-999,-999,-999
130,7,0,5,0.37972222222222224,2.825
130,8,0.06111111111111111,6,0.17444444444444446,4.5872222222222225
130,9,0,6,0.2788888888888889,4.7188888888888885
130,10,0.04722222222222223,6,0.2175,2.591666666666667
130,11,0,5,0.23027777777777778,3.470833333333333
130,12,0,5,0.6077777777777779,3.46
130,13,-999,-999,-999,-999
130,14,0,6,0.5147222222222222,1.9180555555555554
130,15,0,6,0.11472222222222223,2.911388888888889
130,16,0,3,0.1388888888888889,1.8877777777777778
130,17,0,6,0.2513888888888889,2.7733333333333334
130,18,0.4652777777777778,6,0,1.921111111111111
130,19,-999,-999,-999,-999
130,20,0,6,0.45666666666666667,1.3066666666666669
130,21,0,6,0,1.2858333333333334
145,1,-999,-999,-999,-999
145,2,-999,-999,-999,-999
145,3,-999,-999,-999,-999
145,4,-999,-999,-999,-999
145,5,-999,-999,-999,-999
145,6,-999,-999,-999,-999
145,7,-999,-999,-999,-999
145,8,-999,-999,-999,-999
145,9,-999,-999,-999,-999
145,10,-999,-999,-999,-999
145,11,-999,-999,-999,-999
145,12,-999,-999,-999,-999
145,13,-999,-999,-999,-999
145,14,-999,-999,-999,-999
145,15,-999,-999,-999,-999
145,16,-999,-999,-999,-999
145,17,-999,-999,-999,-999
145,18,0,2,0,0.2127777777777778
145,19,-999,-999,-999,-999
145,20,-999,-999,-999,-999
145,21,-999,-999,-999,-999
151,1,0,6,0,0.08277777777777778
151,2,0,7,0,2.777777777777778e-4
151,3,-999,-999,-999,-999
151,4,-999,-999,-999,-999
151,5,-999,-999,-999,-999
151,6,0,6,0,2.777777777777778e-4
151,7,-999,-999,-999,-999
151,8,-999,-999,-999,-999
151,9,-999,-999,-999,-999
151,10,-999,-999,-999,-999
151,11,-999,-999,-999,-999
151,12,0,6,0,8.333333333333334e-4
151,13,-999,-999,-999,-999
151,14,0,6,0,2.777777777777778e-4
151,15,-999,-999,-999,-999
151,16,-999,-999,-999,-999
151,17,-999,-999,-999,-999
151,18,-999,-999,-999,-999
151,19,-999,-999,-999,-999
151,20,-999,-999,-999,-999
151,21,-999,-999,-999,-999
161,1,-999,-999,-999,-999
161,2,-999,-999,-999,-999
161,3,-999,-999,-999,-999
161,4,-999,-999,-999,-999
161,5,0,7,0.11638888888888889,0.7177777777777778
161,6,0,6,0,2.1991666666666663
161,7,0,7,0,0.09583333333333334
161,8,-999,-999,-999,-999
161,9,0,7,0,0.05611111111111111
161,10,0,7,0,0.435
161,11,0,7,0,3.661388888888889
161,12,-999,-999,-999,-999
161,13,-999,-999,-999,-999
161,14,0,7,0,2.3355555555555556
161,15,0,7,0,3.4355555555555553
161,16,0,7,0,0.20444444444444446
161,17,-999,-999,-999,-999
161,18,0,7,0,1.402777777777778
161,19,-999,-999,-999,-999
161,20,-999,-999,-999,-999
161,21,-999,-999,-999,-999
167,1,-999,-999,-999,-999
167,2,-999,-999,-999,-999
167,3,-999,-999,-999,-999
167,4,-999,-999,-999,-999
167,5,0,5,0.04111111111111111,0
167,6,-999,-999,-999,-999
167,7,-999,-999,-999,-999
167,8,-999,-999,-999,-999
167,9,-999,-999,-999,-999
167,10,-999,-999,-999,-999
167,11,-999,-999,-999,-999
167,12,-999,-999,-999,-999
167,13,-999,-999,-999,-999
167,14,-999,-999,-999,-999
167,15,-999,-999,-999,-999
167,16,-999,-999,-999,-999
167,17,-999,-999,-999,-999
167,18,-999,-999,-999,-999
167,19,-999,-999,-999,-999
167,20,0.35,5,0,0.33222222222222225
167,21,-999,-999,-999,-999
169,1,0,7,0,0.06083333333333333
169,2,0,6,0,0.0688888888888889
169,3,-999,-999,-999,-999
169,4,0,6,0,0.06805555555555555
169,5,-999,-999,-999,-999
169,6,-999,-999,-999,-999
169,7,-999,-999,-999,-999
169,8,-999,-999,-999,-999
169,9,0,4,0,0.6825
169,10,0,4,0,0.029722222222222223
169,11,0,4,0,2.098611111111111
169,12,-999,-999,-999,-999
169,13,-999,-999,-999,-999
169,14,-999,-999,-999,-999
169,15,0,4,0,0.05444444444444444
169,16,-999,-999,-999,-999
169,17,-999,-999,-999,-999
169,18,0,4,0,0.01888888888888889
169,19,0,4,0,0.2658333333333333
169,20,-999,-999,-999,-999
169,21,-999,-999,-999,-999
171,1,0,5,0,1.0091666666666665
171,2,0,5,0,0.018333333333333333
171,3,0,6,0,0.7027777777777777
171,4,-999,-999,-999,-999
171,5,-999,-999,-999,-999
171,6,-999,-999,-999,-999
171,7,-999,-999,-999,-999
171,8,-999,-999,-999,-999
171,9,-999,-999,-999,-999
171,10,-999,-999,-999,-999
171,11,-999,-999,-999,-999
171,12,-999,-999,-999,-999
171,13,-999,-999,-999,-999
171,14,-999,-999,-999,-999
171,15,-999,-999,-999,-999
171,16,-999,-999,-999,-999
171,17,-999,-999,-999,-999
171,18,-999,-999,-999,-999
171,19,-999,-999,-999,-999
171,20,-999,-999,-999,-999
171,21,-999,-999,-999,-999
178,1,-999,-999,-999,-999
178,2,0,6,0,1.1127777777777779
178,3,0,5,0,1.8758333333333332
178,4,0,5,0,0.9258333333333333
178,5,-999,-999,-999,-999
178,6,0,6,0,0.7202777777777778
178,7,0,6,0,2.2269444444444444
178,8,0,6,0,1.422222222222222
178,9,0,6,0.06694444444444445,2.0083333333333333
178,10,0,6,0.06694444444444445,0.7880555555555555
178,11,0,5,0,1.111388888888889
178,12,-999,-999,-999,-999
178,13,0.2577777777777778,5,0.048888888888888885,1.1819444444444445
178,14,0,6,0,0.8097222222222222
178,15,0,6,0,0.44111111111111106
178,16,0,3,0,1.3030555555555556
178,17,0,4,0.005833333333333333,0.22666666666666666
178,18,0,4,0,1.881111111111111
178,19,-999,-999,-999,-999
178,20,0,5,0,0.3380555555555556
178,21,-999,-999,-999,-999
184,1,-999,-999,-999,-999
184,2,-999,-999,-999,-999
184,3,-999,-999,-999,-999
184,4,-999,-999,-999,-999
184,5,0,7,0,5.555555555555556e-4
184,6,-999,-999,-999,-999
184,7,-999,-999,-999,-999
184,8,-999,-999,-999,-999
184,9,-999,-999,-999,-999
184,10,-999,-999,-999,-999
184,11,-999,-999,-999,-999
184,12,-999,-999,-999,-999
184,13,-999,-999,-999,-999
184,14,-999,-999,-999,-999
184,15,-999,-999,-999,-999
184,16,-999,-999,-999,-999
184,17,-999,-999,-999,-999
184,18,-999,-999,-999,-999
184,19,-999,-999,-999,-999
184,20,-999,-999,-999,-999
184,21,-999,-999,-999,-999
188,1,-999,-999,-999,-999
188,2,-999,-999,-999,-999
188,3,-999,-999,-999,-999
188,4,-999,-999,-999,-999
188,5,-999,-999,-999,-999
188,6,0,6,0,0.10277777777777779
188,7,0,6,0,0.7313888888888889
188,8,0,6,0,0.32916666666666666
188,9,-999,-999,-999,-999
188,10,-999,-999,-999,-999
188,11,-999,-999,-999,-999
188,12,-999,-999,-999,-999
188,13,-999,-999,-999,-999
188,14,-999,-999,-999,-999
188,15,-999,-999,-999,-999
188,16,-999,-999,-999,-999
188,17,-999,-999,-999,-999
188,18,-999,-999,-999,-999
188,19,-999,-999,-999,-999
188,20,0,5,0,0.03972222222222222
188,21,-999,-999,-999,-999
191,1,0.145,4,0.5508333333333333,0.8294444444444444
191,2,0,6,0,1.3361111111111112
191,3,0.18444444444444444,4,0.4722222222222222,1.2630555555555556
191,4,0,5,0,1.3150000000000002
191,5,0,3,0.23555555555555555,1.0575
191,6,0,3,0,0.8283333333333334
191,7,0,4,0.16166666666666665,0.9819444444444444
191,8,0,4,0.06472222222222222,0.5566666666666666
191,9,0,4,0.050277777777777775,1.1255555555555554
191,10,0,4,0,1.321388888888889
191,11,0,4,0,1.6925
191,12,0,4,0.05416666666666667,1.1580555555555556
191,13,0,5,0,1.228888888888889
191,14,0,4,0,0.09833333333333334
191,15,0,4,0,0.09722222222222222
191,16,0,3,0,0.024166666666666666
191,17,0,4,0,0.505
191,18,0.06666666666666667,5,0,0.7241666666666667
191,19,1.6002777777777777,6,0.10250000000000001,1.4258333333333333
191,20,0,5,0.15416666666666667,2.803611111111111
191,21,0,5,0,0.875
196,1,5.555555555555556e-4,7,0.1988888888888889,0.798611111111111
196,2,0,6,0,2.0219444444444443
196,3,0,5,0,1.0344444444444445
196,4,0,7,0,3.133888888888889
196,5,0,7,0,2.053888888888889
196,6,-999,-999,-999,-999
196,7,0,6,0.2227777777777778,0.4277777777777778
196,8,0,6,0,0.7569444444444444
196,9,0,6,0.11611111111111111,2.1380555555555554
196,10,0,6,0,1.4044444444444444
196,11,0,6,0.44166666666666665,1.0027777777777778
196,12,0.27472222222222226,4,0.0027777777777777775,1.415
196,13,0,6,0,0.6755555555555556
196,14,0,6,0,0.8780555555555555
196,15,0,6,0,1.5888888888888888
196,16,0,6,0,1.1025
196,17,0,6,0,1.4180555555555554
196,18,0,6,0,3.6919444444444447
196,19,0.1363888888888889,5,0,1.8169444444444445
196,20,5.555555555555556e-4,6,0,0.5697222222222221
196,21,0,6,0.185,0.7108333333333333
202,1,-999,-999,-999,-999
202,2,-999,-999,-999,-999
202,3,-999,-999,-999,-999
202,4,-999,-999,-999,-999
202,5,-999,-999,-999,-999
202,6,-999,-999,-999,-999
202,7,-999,-999,-999,-999
202,8,-999,-999,-999,-999
202,9,-999,-999,-999,-999
202,10,-999,-999,-999,-999
202,11,-999,-999,-999,-999
202,12,-999,-999,-999,-999
202,13,-999,-999,-999,-999
202,14,0,5,0,0.0038888888888888888
202,15,-999,-999,-999,-999
202,16,-999,-999,-999,-999
202,17,-999,-999,-999,-999
202,18,-999,-999,-999,-999
202,19,-999,-999,-999,-999
202,20,-999,-999,-999,-999
202,21,-999,-999,-999,-999
204,1,0,7,0,1.245
204,2,-999,-999,-999,-999
204,3,-999,-999,-999,-999
204,4,-999,-999,-999,-999
204,5,-999,-999,-999,-999
204,6,-999,-999,-999,-999
204,7,-999,-999,-999,-999
204,8,-999,-999,-999,-999
204,9,0,7,0,0.0011111111111111111
204,10,-999,-999,-999,-999
204,11,-999,-999,-999,-999
204,12,-999,-999,-999,-999
204,13,-999,-999,-999,-999
204,14,-999,-999,-999,-999
204,15,-999,-999,-999,-999
204,16,-999,-999,-999,-999
204,17,-999,-999,-999,-999
204,18,-999,-999,-999,-999
204,19,-999,-999,-999,-999
204,20,-999,-999,-999,-999
204,21,-999,-999,-999,-999
210,1,-999,-999,-999,-999
210,2,-999,-999,-999,-999
210,3,-999,-999,-999,-999
210,4,-999,-999,-999,-999
210,5,-999,-999,-999,-999
210,6,0,7,0.07333333333333333,0.20527777777777778
210,7,0,7,0,2.2199999999999998
210,8,-999,-999,-999,-999
210,9,-999,-999,-999,-999
210,10,0,7,0.10805555555555556,0.08333333333333333
210,11,-999,-999,-999,-999
210,12,-999,-999,-999,-999
210,13,-999,-999,-999,-999
210,14,-999,-999,-999,-999
210,15,-999,-999,-999,-999
210,16,-999,-999,-999,-999
210,17,-999,-999,-999,-999
210,18,-999,-999,-999,-999
210,19,-999,-999,-999,-999
210,20,-999,-999,-999,-999
210,21,-999,-999,-999,-999
213,1,-999,-999,-999,-999
213,2,-999,-999,-999,-999
213,3,-999,-999,-999,-999
213,4,0,6,0,0.12583333333333332
213,5,-999,-999,-999,-999
213,6,-999,-999,-999,-999
213,7,-999,-999,-999,-999
213,8,-999,-999,-999,-999
213,9,-999,-999,-999,-999
213,10,-999,-999,-999,-999
213,11,-999,-999,-999,-999
213,12,-999,-999,-999,-999
213,13,-999,-999,-999,-999
213,14,-999,-999,-999,-999
213,15,-999,-999,-999,-999
213,16,-999,-999,-999,-999
213,17,-999,-999,-999,-999
213,18,-999,-999,-999,-999
213,19,-999,-999,-999,-999
213,20,-999,-999,-999,-999
213,21,-999,-999,-999,-999
219,1,-999,-999,-999,-999
219,2,0,6,0,0.07083333333333333
219,3,-999,-999,-999,-999
219,4,-999,-999,-999,-999
219,5,-999,-999,-999,-999
219,6,-999,-999,-999,-999
219,7,0,5,0,0.09194444444444444
219,8,-999,-999,-999,-999
219,9,-999,-999,-999,-999
219,10,-999,-999,-999,-999
219,11,-999,-999,-999,-999
219,12,-999,-999,-999,-999
219,13,-999,-999,-999,-999
219,14,-999,-999,-999,-999
219,15,-999,-999,-999,-999
219,16,-999,-999,-999,-999
219,17,-999,-999,-999,-999
219,18,-999,-999,-999,-999
219,19,-999,-999,-999,-999
219,20,-999,-999,-999,-999
219,21,-999,-999,-999,-999
222,1,-999,-999,-999,-999
222,2,-999,-999,-999,-999
222,3,-999,-999,-999,-999
222,4,0,7,0,0.016666666666666666
222,5,-999,-999,-999,-999
222,6,-999,-999,-999,-999
222,7,-999,-999,-999,-999
222,8,-999,-999,-999,-999
222,9,-999,-999,-999,-999
222,10,0,7,0,0.6127777777777778
222,11,-999,-999,-999,-999
222,12,0,7,0,0.48000000000000004
222,13,0.4822222222222222,6,0,0
222,14,0,6,0,0.42694444444444446
222,15,-999,-999,-999,-999
222,16,-999,-999,-999,-999
222,17,0,7,0,0.015000000000000001
222,18,-999,-999,-999,-999
222,19,0,7,0,0.04833333333333333
222,20,0,7,0,0.21083333333333334
222,21,0,3,0,0.6275
223,1,0,7,0,0.46861111111111114
223,2,0,7,0,0.10388888888888889
223,3,-999,-999,-999,-999
223,4,-999,-999,-999,-999
223,5,-999,-999,-999,-999
223,6,-999,-999,-999,-999
223,7,-999,-999,-999,-999
223,8,-999,-999,-999,-999
223,9,-999,-999,-999,-999
223,10,-999,-999,-999,-999
223,11,-999,-999,-999,-999
223,12,-999,-999,-999,-999
223,13,-999,-999,-999,-999
223,14,-999,-999,-999,-999
223,15,-999,-999,-999,-999
223,16,-999,-999,-999,-999
223,17,-999,-999,-999,-999
223,18,-999,-999,-999,-999
223,19,-999,-999,-999,-999
223,20,-999,-999,-999,-999
223,21,-999,-999,-999,-999
225,1,-999,-999,-999,-999
225,2,0,6,0,0.03944444444444444
225,3,-999,-999,-999,-999
225,4,-999,-999,-999,-999
225,5,-999,-999,-999,-999
225,6,-999,-999,-999,-999
225,7,-999,-999,-999,-999
225,8,-999,-999,-999,-999
225,9,0,6,0,8.333333333333334e-4
225,10,-999,-999,-999,-999
225,11,0,6,0,0.0036111111111111114
225,12,-999,-999,-999,-999
225,13,-999,-999,-999,-999
225,14,-999,-999,-999,-999
225,15,0,6,0,8.333333333333334e-4
225,16,-999,-999,-999,-999
225,17,-999,-999,-999,-999
225,18,-999,-999,-999,-999
225,19,0,7,0,0.0016666666666666668
225,20,0,5,5.555555555555556e-4,0
225,21,0,6,0.028055555555555556,0.0011111111111111111
227,1,0.32805555555555554,6,0,2.645
227,2,0.30666666666666664,6,5.555555555555556e-4,0.8958333333333334
227,3,0.14222222222222222,6,0.15555555555555556,0.8597222222222223
227,4,0.26805555555555555,7,0.20888888888888887,1.2933333333333332
227,5,0,7,0.07694444444444444,1.453888888888889
227,6,0.3819444444444445,7,0.37,3.104444444444445
227,7,-999,-999,-999,-999
227,8,-999,-999,-999,-999
227,9,-999,-999,-999,-999
227,10,-999,-999,-999,-999
227,11,-999,-999,-999,-999
227,12,-999,-999,-999,-999
227,13,-999,-999,-999,-999
227,14,-999,-999,-999,-999
227,15,-999,-999,-999,-999
227,16,-999,-999,-999,-999
227,17,-999,-999,-999,-999
227,18,-999,-999,-999,-999
227,19,-999,-999,-999,-999
227,20,-999,-999,-999,-999
227,21,-999,-999,-999,-999
231,1,0,4,0,0.033888888888888885
231,2,0,1,0,0.2263888888888889
231,3,-999,-999,-999,-999
231,4,0,6,0,0.5441666666666667
231,5,-999,-999,-999,-999
231,6,0,6,0,0.43
231,7,-999,-999,-999,-999
231,8,-999,-999,-999,-999
231,9,-999,-999,-999,-999
231,10,-999,-999,-999,-999
231,11,0,6,0,0.6980555555555555
231,12,-999,-999,-999,-999
231,13,-999,-999,-999,-999
231,14,-999,-999,-999,-999
231,15,-999,-999,-999,-999
231,16,-999,-999,-999,-999
231,17,0,6,0,0.7738888888888888
231,18,0,7,0,1.353611111111111
231,19,0,5,0,2.65
231,20,-999,-999,-999,-999
231,21,0,7,0,0.3655555555555556
234,1,0,5,0,2.777777777777778e-4
234,2,0,7,0,0.05638888888888889
234,3,0,6,0,5.555555555555556e-4
234,4,0,6,0,2.777777777777778e-4
234,5,0,7,0,0.1377777777777778
234,6,2.777777777777778e-4,7,0,5.555555555555556e-4
234,7,-999,-999,-999,-999
234,8,0,6,0,0.11694444444444445
234,9,0,7,0,2.777777777777778e-4
234,10,0,7,0,0.5527777777777777
234,11,0,7,0,2.777777777777778e-4
234,12,-999,-999,-999,-999
234,13,-999,-999,-999,-999
234,14,0,6,0,2.777777777777778e-4
234,15,0,6,0,0.5702777777777778
234,16,0,6,0,1.6519444444444444
234,17,0,6,0,0.6263888888888889
234,18,0,6,0,1.206388888888889
234,19,0,6,0,0.2536111111111111
234,20,-999,-999,-999,-999
234,21,-999,-999,-999,-999
235,1,0,3,0,0.6805555555555556
235,2,0,4,0.06472222222222222,0.8386111111111112
235,3,0,4,0,0.15194444444444447
235,4,0,5,0,0.7205555555555556
235,5,0,5,0,1.0597222222222222
235,6,0,5,0,1.3663888888888889
235,7,0,5,0,0.1125
235,8,-999,-999,-999,-999
235,9,-999,-999,-999,-999
235,10,-999,-999,-999,-999
235,11,0,5,0,0.7722222222222223
235,12,-999,-999,-999,-999
235,13,0,5,0,1.7650000000000001
235,14,0,2,0,0.0761111111111111
235,15,0,5,0.036944444444444446,0.9944444444444444
235,16,0,5,0,0.4361111111111111
235,17,-999,-999,-999,-999
235,18,-999,-999,-999,-999
235,19,-999,-999,-999,-999
235,20,-999,-999,-999,-999
235,21,0,5,0,0.3619444444444444
237,1,-999,-999,-999,-999
237,2,-999,-999,-999,-999
237,3,0,1,0,0.03888888888888889
237,4,0,3,0,1.0755555555555556
237,5,-999,-999,-999,-999
237,6,-999,-999,-999,-999
237,7,0,4,0,0.08888888888888888
237,8,-999,-999,-999,-999
237,9,5.555555555555556e-4,4,0,0
237,10,0,3,0,0.10583333333333332
237,11,-999,-999,-999,-999
237,12,-999,-999,-999,-999
237,13,0,4,0,0.06805555555555555
237,14,-999,-999,-999,-999
237,15,-999,-999,-999,-999
237,16,-999,-999,-999,-999
237,17,-999,-999,-999,-999
237,18,0,4,0,0.10972222222222222
237,19,-999,-999,-999,-999
237,20,-999,-999,-999,-999
237,21,-999,-999,-999,-999
245,1,-999,-999,-999,-999
245,2,-999,-999,-999,-999
245,3,-999,-999,-999,-999
245,4,-999,-999,-999,-999
245,5,-999,-999,-999,-999
245,6,-999,-999,-999,-999
245,7,-999,-999,-999,-999
245,8,-999,-999,-999,-999
245,9,-999,-999,-999,-999
245,10,-999,-999,-999,-999
245,11,-999,-999,-999,-999
245,12,-999,-999,-999,-999
245,13,-999,-999,-999,-999
245,14,0,6,0,0.04805555555555555
245,15,-999,-999,-999,-999
245,16,-999,-999,-999,-999
245,17,0,6,0,0.13361111111111112
245,18,0,6,0,0.0016666666666666668
245,19,0,6,0,0.03222222222222222
245,20,-999,-999,-999,-999
245,21,-999,-999,-999,-999
247,1,-999,-999,-999,-999
247,2,-999,-999,-999,-999
247,3,-999,-999,-999,-999
247,4,-999,-999,-999,-999
247,5,-999,-999,-999,-999
247,6,-999,-999,-999,-999
247,7,-999,-999,-999,-999
247,8,0,6,0,0.23555555555555555
247,9,-999,-999,-999,-999
247,10,0,5,0,0.5869444444444445
247,11,0,5,0,0.2577777777777778
247,12,-999,-999,-999,-999
247,13,-999,-999,-999,-999
247,14,0,6,0,0.024444444444444442
247,15,-999,-999,-999,-999
247,16,-999,-999,-999,-999
247,17,-999,-999,-999,-999
247,18,-999,-999,-999,-999
247,19,-999,-999,-999,-999
247,20,-999,-999,-999,-999
247,21,-999,-999,-999,-999
249,1,-999,-999,-999,-999
249,2,-999,-999,-999,-999
249,3,-999,-999,-999,-999
249,4,-999,-999,-999,-999
249,5,-999,-999,-999,-999
249,6,-999,-999,-999,-999
249,7,0,6,0,0.12166666666666666
249,8,-999,-999,-999,-999
249,9,-999,-999,-999,-999
249,10,-999,-999,-999,-999
249,11,-999,-999,-999,-999
249,12,-999,-999,-999,-999
249,13,-999,-999,-999,-999
249,14,-999,-999,-999,-999
249,15,-999,-999,-999,-999
249,16,0.09527777777777778,5,0,0
249,17,-999,-999,-999,-999
249,18,-999,-999,-999,-999
249,19,-999,-999,-999,-999
249,20,-999,-999,-999,-999
249,21,-999,-999,-999,-999
253,1,0,4,0,0.0011111111111111111
253,2,0,7,0,0.016388888888888887
253,3,0,7,0,0.18638888888888888
253,4,0,7,0,0.12027777777777778
253,5,-999,-999,-999,-999
253,6,-999,-999,-999,-999
253,7,0,7,0,0.17305555555555555
253,8,0,4,0,1.1655555555555557
253,9,-999,-999,-999,-999
253,10,-999,-999,-999,-999
253,11,0,7,0.3319444444444445,2.777777777777778e-4
253,12,-999,-999,-999,-999
253,13,-999,-999,-999,-999
253,14,-999,-999,-999,-999
253,15,-999,-999,-999,-999
253,16,0,7,0.06944444444444445,0.2411111111111111
253,17,0,7,0.095,0.1888888888888889
253,18,0,7,0.22333333333333333,0.07083333333333333
253,19,-999,-999,-999,-999
253,20,-999,-999,-999,-999
253,21,0,7,0,0.21861111111111112
256,1,-999,-999,-999,-999
256,2,0,5,0,0
256,3,-999,-999,-999,-999
256,4,0,6,0,0
256,5,0,6,0,0.10833333333333334
256,6,0.06166666666666667,6,0.25666666666666665,0.09972222222222223
256,7,-999,-999,-999,-999
256,8,-999,-999,-999,-999
256,9,0,5,0,0.13472222222222224
256,10,-999,-999,-999,-999
256,11,0,5,0,0.03305555555555555
256,12,0,6,0,0.07888888888888888
256,13,0,5,0,0.07805555555555556
256,14,0,5,0,0.03833333333333333
256,15,-999,-999,-999,-999
256,16,0,5,0,0.3255555555555556
256,17,-999,-999,-999,-999
256,18,-999,-999,-999,-999
256,19,-999,-999,-999,-999
256,20,-999,-999,-999,-999
256,21,-999,-999,-999,-999
257,1,-999,-999,-999,-999
257,2,-999,-999,-999,-999
257,3,0,4,0,0.46805555555555556
257,4,0,4,0,0.07416666666666667
257,5,-999,-999,-999,-999
257,6,0,5,0,0.03972222222222222
257,7,0,4,0,0.345
257,8,0,4,0,0.11194444444444444
257,9,-999,-999,-999,-999
257,10,-999,-999,-999,-999
257,11,-999,-999,-999,-999
257,12,-999,-999,-999,-999
257,13,0,7,0,0.4838888888888889
257,14,0,6,0,0.0030555555555555553
257,15,0,4,0,0.35944444444444446
257,16,-999,-999,-999,-999
257,17,-999,-999,-999,-999
257,18,0,5,0.08277777777777778,0
257,19,-999,-999,-999,-999
257,20,-999,-999,-999,-999
257,21,-999,-999,-999,-999
258,1,3.438888888888889,4,0.22027777777777777,5.758333333333334
258,2,1.4233333333333333,4,0.9113888888888888,8.9975
258,3,-999,-999,-999,-999
258,4,2.7783333333333333,4,0,9.427777777777777
258,5,0.3108333333333333,4,0,7.042222222222223
258,6,3.848888888888889,4,1,7.653888888888889
258,7,0.7075,4,1,8.759444444444446
258,8,0.8905555555555555,4,0.051666666666666666,1.105
258,9,-999,-999,-999,-999
258,10,1.9797222222222222,4,0,8.116666666666667
258,11,0.20555555555555557,4,0.20722222222222222,10.431111111111111
258,12,-999,-999,-999,-999
258,13,4.441666666666666,4,0.9025,6.59
258,14,-999,-999,-999,-999
258,15,-999,-999,-999,-999
258,16,2.628333333333333,4,0.07,5.884444444444444
258,17,3.269722222222222,4,0.6938888888888889,9.028611111111111
258,18,-999,-999,-999,-999
258,19,-999,-999,-999,-999
258,20,1.9505555555555556,4,0.0022222222222222222,1.9347222222222222
258,21,0,4,0.07972222222222222,2.6991666666666663
259,1,0,6,0,0.8925
259,2,0,6,0,1.306111111111111
259,3,-999,-999,-999,-999
259,4,-999,-999,-999,-999
259,5,-999,-999,-999,-999
259,6,0,7,0.03805555555555555,2.341111111111111
259,7,0,6,0,1.2705555555555557
259,8,0,7,0,2.9086111111111115
259,9,0,7,0,1.5863888888888888
259,10,0,7,0.20222222222222222,1.533611111111111
259,11,0,7,0.30083333333333334,2.1616666666666666
259,12,0.08361111111111111,7,1,2.760277777777778
259,13,0,7,0.10472222222222222,0.4516666666666667
259,14,0,5,0,0.7080555555555555
259,15,-999,-999,-999,-999
259,16,0,7,0.059444444444444446,1.4627777777777777
259,17,0,6,0.3044444444444444,1.7680555555555555
259,18,0,6,0.13333333333333333,3.5241666666666664
259,19,-999,-999,-999,-999
259,20,-999,-999,-999,-999
259,21,-999,-999,-999,-999
261,1,0,6,0,0.1622222222222222
261,2,-999,-999,-999,-999
261,3,-999,-999,-999,-999
261,4,0.3,7,0,0.17111111111111113
261,5,-999,-999,-999,-999
261,6,-999,-999,-999,-999
261,7,-999,-999,-999,-999
261,8,-999,-999,-999,-999
261,9,-999,-999,-999,-999
261,10,0,7,0.5630555555555555,4.758055555555556
261,11,-999,-999,-999,-999
261,12,-999,-999,-999,-999
261,13,-999,-999,-999,-999
261,14,-999,-999,-999,-999
261,15,-999,-999,-999,-999
261,16,-999,-999,-999,-999
261,17,-999,-999,-999,-999
261,18,-999,-999,-999,-999
261,19,-999,-999,-999,-999
261,20,-999,-999,-999,-999
261,21,-999,-999,-999,-999
265,1,-999,-999,-999,-999
265,2,0,6,0,0.861111111111111
265,3,-999,-999,-999,-999
265,4,-999,-999,-999,-999
265,5,-999,-999,-999,-999
265,6,-999,-999,-999,-999
265,7,-999,-999,-999,-999
265,8,-999,-999,-999,-999
265,9,-999,-999,-999,-999
265,10,0.5022222222222222,5,0,0.46111111111111114
265,11,0,5,0,0.5958333333333333
265,12,-999,-999,-999,-999
265,13,-999,-999,-999,-999
265,14,-999,-999,-999,-999
265,15,-999,-999,-999,-999
265,16,-999,-999,-999,-999
265,17,-999,-999,-999,-999
265,18,-999,-999,-999,-999
265,19,-999,-999,-999,-999
265,20,-999,-999,-999,-999
265,21,-999,-999,-999,-999
270,1,-999,-999,-999,-999
270,2,-999,-999,-999,-999
270,3,-999,-999,-999,-999
270,4,-999,-999,-999,-999
270,5,-999,-999,-999,-999
270,6,0,7,0.25166666666666665,0
270,7,-999,-999,-999,-999
270,8,-999,-999,-999,-999
270,9,-999,-999,-999,-999
270,10,-999,-999,-999,-999
270,11,-999,-999,-999,-999
270,12,-999,-999,-999,-999
270,13,-999,-999,-999,-999
270,14,-999,-999,-999,-999
270,15,-999,-999,-999,-999
270,16,-999,-999,-999,-999
270,17,-999,-999,-999,-999
270,18,0,7,0,2.777777777777778e-4
270,19,-999,-999,-999,-999
270,20,-999,-999,-999,-999
270,21,-999,-999,-999,-999
271,1,-999,-999,-999,-999
271,2,-999,-999,-999,-999
271,3,-999,-999,-999,-999
271,4,1.6369444444444445,5,0.5594444444444445,5.431388888888889
271,5,0,5,0.16527777777777777,9.660555555555556
271,6,-999,-999,-999,-999
271,7,0.3011111111111111,5,0,2.0375
271,8,0,7,0,2.9130555555555557
271,9,0.17944444444444446,5,0,4.756388888888889
271,10,0.2558333333333333,5,0.009444444444444445,2.102777777777778
271,11,0,5,0,6.803055555555556
271,12,-999,-999,-999,-999
271,13,0,1,0,2.9594444444444443
271,14,0,5,0,1.068611111111111
271,15,0,1,0,2.623611111111111
271,16,0,5,0,1.8847222222222222
271,17,-999,-999,-999,-999
271,18,0,5,0,6.281944444444445
271,19,-999,-999,-999,-999
271,20,-999,-999,-999,-999
271,21,0,3,0,4.340833333333333
279,1,-999,-999,-999,-999
279,2,-999,-999,-999,-999
279,3,-999,-999,-999,-999
279,4,-999,-999,-999,-999
279,5,0,4,0,0.14138888888888887
279,6,0,5,0,0.15527777777777776
279,7,-999,-999,-999,-999
279,8,-999,-999,-999,-999
279,9,0,5,0,0.30722222222222223
279,10,-999,-999,-999,-999
279,11,-999,-999,-999,-999
279,12,0,5,0,0.10777777777777778
279,13,-999,-999,-999,-999
279,14,0,5,0,0.21944444444444444
279,15,-999,-999,-999,-999
279,16,-999,-999,-999,-999
279,17,0,5,0,1.4402777777777778
279,18,0,4,0,0.16611111111111113
279,19,-999,-999,-999,-999
279,20,0,6,0,0.04527777777777778
279,21,-999,-999,-999,-999
281,1,0,7,0,1.2897222222222224
281,2,0,7,0,0.10416666666666667
281,3,0,4,0,0.012222222222222221
281,4,0,6,0,0.2713888888888889
281,5,-999,-999,-999,-999
281,6,-999,-999,-999,-999
281,7,-999,-999,-999,-999
281,8,-999,-999,-999,-999
281,9,0,7,0,0.12305555555555556
281,10,-999,-999,-999,-999
281,11,-999,-999,-999,-999
281,12,-999,-999,-999,-999
281,13,-999,-999,-999,-999
281,14,-999,-999,-999,-999
281,15,0,7,0,0.018611111111111113
281,16,-999,-999,-999,-999
281,17,-999,-999,-999,-999
281,18,-999,-999,-999,-999
281,19,-999,-999,-999,-999
281,20,-999,-999,-999,-999
281,21,-999,-999,-999,-999
283,1,-999,-999,-999,-999
283,2,-999,-999,-999,-999
283,3,-999,-999,-999,-999
283,4,-999,-999,-999,-999
283,5,0,6,0,0.28777777777777774
283,6,0.01388888888888889,4,0,1.1044444444444443
283,7,-999,-999,-999,-999
283,8,0,4,0.02333333333333333,0.6269444444444444
283,9,-999,-999,-999,-999
283,10,-999,-999,-999,-999
283,11,-999,-999,-999,-999
283,12,0,5,0,0.09666666666666666
283,13,0,5,0,0.02388888888888889
283,14,0,4,0,0.05416666666666667
283,15,-999,-999,-999,-999
283,16,0,5,0,0.12083333333333333
283,17,-999,-999,-999,-999
283,18,-999,-999,-999,-999
283,19,-999,-999,-999,-999
283,20,-999,-999,-999,-999
283,21,-999,-999,-999,-999
287,1,-999,-999,-999,-999
287,2,-999,-999,-999,-999
287,3,-999,-999,-999,-999
287,4,-999,-999,-999,-999
287,5,0,4,0,0.14638888888888887
287,6,-999,-999,-999,-999
287,7,-999,-999,-999,-999
287,8,-999,-999,-999,-999
287,9,-999,-999,-999,-999
287,10,0,4,0.5036111111111111,0.6591666666666666
287,11,-999,-999,-999,-999
287,12,-999,-999,-999,-999
287,13,-999,-999,-999,-999
287,14,-999,-999,-999,-999
287,15,-999,-999,-999,-999
287,16,-999,-999,-999,-999
287,17,0.6191666666666666,6,0,0.04527777777777778
287,18,0.3777777777777778,4,0,0
287,19,-999,-999,-999,-999
287,20,-999,-999,-999,-999
287,21,-999,-999,-999,-999
288,1,0,7,0,1.646111111111111
288,2,0,7,0,0.9836111111111111
288,3,0.07888888888888888,4,0.3036111111111111,0.9788888888888889
288,4,0.3044444444444444,7,0.4716666666666667,1.2736111111111112
288,5,0,7,0,3.2025
288,6,0,7,0,1.2483333333333335
288,7,0,7,0,0.8813888888888889
288,8,0,7,0,1.0497222222222222
288,9,0.005555555555555555,7,0.7538888888888889,1.4908333333333335
288,10,0,7,0.033888888888888885,3.4516666666666667
288,11,0,7,0,1.840277777777778
288,12,0,7,0.3541666666666667,2.4225
288,13,0,7,0,3.1347222222222224
288,14,0,7,0,0.7611111111111111
288,15,0,7,0.36722222222222223,2.9080555555555554
288,16,0,7,0,2.0144444444444445
288,17,0,7,0,2.183333333333333
288,18,0,7,0,1.2441666666666669
288,19,0,7,0,1.0752777777777778
288,20,-999,-999,-999,-999
288,21,0,7,0,1.0147222222222223
290,1,0,5,0,0.7327777777777779
290,2,-999,-999,-999,-999
290,3,0.19833333333333333,6,0,1.6488888888888888
290,4,0,6,0,0.021944444444444444
290,5,-999,-999,-999,-999
290,6,-999,-999,-999,-999
290,7,-999,-999,-999,-999
290,8,-999,-999,-999,-999
290,9,-999,-999,-999,-999
290,10,-999,-999,-999,-999
290,11,-999,-999,-999,-999
290,12,-999,-999,-999,-999
290,13,-999,-999,-999,-999
290,14,-999,-999,-999,-999
290,15,-999,-999,-999,-999
290,16,0,6,0,0.2147222222222222
290,17,-999,-999,-999,-999
290,18,-999,-999,-999,-999
290,19,-999,-999,-999,-999
290,20,-999,-999,-999,-999
290,21,-999,-999,-999,-999
292,1,-999,-999,-999,-999
292,2,-999,-999,-999,-999
292,3,0,7,0,0.14250000000000002
292,4,-999,-999,-999,-999
292,5,-999,-999,-999,-999
292,6,-999,-999,-999,-999
292,7,-999,-999,-999,-999
292,8,0,4,0,0.2613888888888889
292,9,-999,-999,-999,-999
292,10,0,4,0,0.012222222222222221
292,11,-999,-999,-999,-999
292,12,-999,-999,-999,-999
292,13,-999,-999,-999,-999
292,14,-999,-999,-999,-999
292,15,-999,-999,-999,-999
292,16,-999,-999,-999,-999
292,17,-999,-999,-999,-999
292,18,-999,-999,-999,-999
292,19,-999,-999,-999,-999
292,20,0,4,0,0.10138888888888889
292,21,-999,-999,-999,-999
293,1,-999,-999,-999,-999
293,2,-999,-999,-999,-999
293,3,0,5,0.4727777777777778,0.64
293,4,0,6,0.0013888888888888887,1.5174999999999998
293,5,-999,-999,-999,-999
293,6,0,6,0,1.268611111111111
293,7,-999,-999,-999,-999
293,8,0,5,0.2013888888888889,1.1872222222222222
293,9,0,6,0.5238888888888888,0.8208333333333333
293,10,0,6,0.06638888888888889,1.4236111111111112
293,11,0,6,0.41722222222222227,1.0963888888888889
293,12,-999,-999,-999,-999
293,13,0,6,0.15527777777777776,0.9302777777777779
293,14,-999,-999,-999,-999
293,15,0,6,0.10222222222222223,1.5447222222222223
293,16,0,6,0.5916666666666667,1.2486111111111111
293,17,0,6,0.21972222222222224,1.0544444444444445
293,18,0,6,0.06805555555555555,0.8763888888888889
293,19,-999,-999,-999,-999
293,20,0,6,0.05388888888888889,0.6005555555555555
293,21,0,6,0.07027777777777779,0.9080555555555556
294,1,-999,-999,-999,-999
294,2,-999,-999,-999,-999
294,3,-999,-999,-999,-999
294,4,-999,-999,-999,-999
294,5,-999,-999,-999,-999
294,6,-999,-999,-999,-999
294,7,-999,-999,-999,-999
294,8,-999,-999,-999,-999
294,9,-999,-999,-999,-999
294,10,-999,-999,-999,-999
294,11,0,6,0,0.2761111111111111
294,12,-999,-999,-999,-999
294,13,-999,-999,-999,-999
294,14,-999,-999,-999,-999
294,15,-999,-999,-999,-999
294,16,-999,-999,-999,-999
294,17,-999,-999,-999,-999
294,18,-999,-999,-999,-999
294,19,-999,-999,-999,-999
294,20,-999,-999,-999,-999
294,21,-999,-999,-999,-999
300,1,0.005833333333333333,7,0,0
300,2,0,7,0,1.0591666666666666
300,3,-999,-999,-999,-999
300,4,0,7,0,1.0169444444444444
300,5,-999,-999,-999,-999
300,6,-999,-999,-999,-999
300,7,0,7,0.0016666666666666668,0.9222222222222223
300,8,-999,-999,-999,-999
300,9,0,7,0,1.3458333333333334
300,10,0,7,0,0.9333333333333333
300,11,0,7,0,1.3366666666666667
300,12,-999,-999,-999,-999
300,13,-999,-999,-999,-999
300,14,0,5,0,0.3169444444444444
300,15,-999,-999,-999,-999
300,16,0,4,0.04972222222222222,1.7227777777777777
300,17,0,7,0.1322222222222222,1.2647222222222223
300,18,0,7,0.07,0.9305555555555556
300,19,-999,-999,-999,-999
300,20,-999,-999,-999,-999
300,21,-999,-999,-999,-999
304,1,-999,-999,-999,-999
304,2,-999,-999,-999,-999
304,3,-999,-999,-999,-999
304,4,-999,-999,-999,-999
304,5,0,7,0,0.028333333333333332
304,6,-999,-999,-999,-999
304,7,-999,-999,-999,-999
304,8,-999,-999,-999,-999
304,9,-999,-999,-999,-999
304,10,-999,-999,-999,-999
304,11,-999,-999,-999,-999
304,12,-999,-999,-999,-999
304,13,-999,-999,-999,-999
304,14,-999,-999,-999,-999
304,15,-999,-999,-999,-999
304,16,0.2677777777777778,1,0,2.7866666666666666
304,17,0,7,0.029166666666666667,3.3972222222222226
304,18,0,7,0,0.4613888888888889
304,19,-999,-999,-999,-999
304,20,-999,-999,-999,-999
304,21,-999,-999,-999,-999
307,1,-999,-999,-999,-999
307,2,0.17027777777777778,7,0.2372222222222222,0
307,3,0,5,0,1.3580555555555556
307,4,0,6,0,0.7711111111111111
307,5,0,5,0,0.42388888888888887
307,6,-999,-999,-999,-999
307,7,0,7,0,1.1008333333333333
307,8,0,5,0,0.25916666666666666
307,9,0,5,0.2411111111111111,1.6633333333333333
307,10,0,5,0,2.988888888888889
307,11,0,6,0,1.1888888888888889
307,12,-999,-999,-999,-999
307,13,0,7,0,0.37916666666666665
307,14,0.042222222222222223,5,0.04444444444444444,0.2647222222222222
307,15,-999,-999,-999,-999
307,16,0,6,0,1.4194444444444445
307,17,0.09833333333333334,5,0.07527777777777778,0.48638888888888887
307,18,0.0025,7,0,0.4358333333333333
307,19,-999,-999,-999,-999
307,20,0,5,0,0.29916666666666664
307,21,-999,-999,-999,-999
308,1,0,7,0,0.042222222222222223
308,2,0,7,0,0.20055555555555554
308,3,-999,-999,-999,-999
308,4,0,7,0,0.12361111111111112
308,5,-999,-999,-999,-999
308,6,-999,-999,-999,-999
308,7,-999,-999,-999,-999
308,8,-999,-999,-999,-999
308,9,0,7,0,0.059722222222222225
308,10,-999,-999,-999,-999
308,11,-999,-999,-999,-999
308,12,-999,-999,-999,-999
308,13,0,7,0,0.115
308,14,-999,-999,-999,-999
308,15,-999,-999,-999,-999
308,16,-999,-999,-999,-999
308,17,0,7,0,0.35333333333333333
308,18,0,7,0,0.1238888888888889
308,19,-999,-999,-999,-999
308,20,-999,-999,-999,-999
308,21,-999,-999,-999,-999
312,1,-999,-999,-999,-999
312,2,0,7,0,1.298888888888889
312,3,0,5,0,0.0375
312,4,-999,-999,-999,-999
312,5,0,7,0,0.028333333333333332
312,6,-999,-999,-999,-999
312,7,0,7,0,0.005833333333333333
312,8,0,6,0,0.9575
312,9,0.023611111111111114,7,0,0.10138888888888889
312,10,0,6,0,0.06277777777777778
312,11,0,5,0,0.7027777777777777
312,12,0,6,0,0.20388888888888887
312,13,-999,-999,-999,-999
312,14,0,5,0,0.08388888888888889
312,15,0.20194444444444445,5,0.3283333333333333,0.4888888888888889
312,16,1.0455555555555556,7,0.19194444444444445,6.341666666666667
312,17,0,5,0,0.5991666666666667
312,18,0.42388888888888887,5,1,3.667777777777778
312,19,-999,-999,-999,-999
312,20,-999,-999,-999,-999
312,21,0.21638888888888888,5,0.14944444444444444,3.053611111111111
315,1,-999,-999,-999,-999
315,2,0.3472222222222222,7,0,0.7130555555555556
315,3,0.17027777777777778,7,0,0.8969444444444445
315,4,0,7,0,3.9152777777777774
315,5,0.029166666666666667,7,0,0.84
315,6,0,7,0,0.4147222222222222
315,7,-999,-999,-999,-999
315,8,0,7,0,0.23361111111111113
315,9,0,7,0,1.2219444444444443
315,10,0,7,0,2.2936111111111113
315,11,0,4,0,3.124722222222222
315,12,0,7,0,1.6972222222222222
315,13,0,7,0,0.7247222222222223
315,14,0,7,0,0.11916666666666667
315,15,0.23194444444444443,7,0,1.673888888888889
315,16,-999,-999,-999,-999
315,17,0,7,5.555555555555556e-4,2.1075
315,18,0,7,0,1.9908333333333335
315,19,-999,-999,-999,-999
315,20,-999,-999,-999,-999
315,21,-999,-999,-999,-999
317,1,-999,-999,-999,-999
317,2,-999,-999,-999,-999
317,3,0,7,0,0.20583333333333334
317,4,-999,-999,-999,-999
317,5,-999,-999,-999,-999
317,6,-999,-999,-999,-999
317,7,-999,-999,-999,-999
317,8,0.04611111111111111,7,0,0.0475
317,9,-999,-999,-999,-999
317,10,-999,-999,-999,-999
317,11,-999,-999,-999,-999
317,12,0,4,0,0.23027777777777778
317,13,-999,-999,-999,-999
317,14,-999,-999,-999,-999
317,15,-999,-999,-999,-999
317,16,-999,-999,-999,-999
317,17,0,7,0.33666666666666667,3.1591666666666667
317,18,-999,-999,-999,-999
317,19,-999,-999,-999,-999
317,20,0,7,0.04833333333333333,0.0016666666666666668
317,21,-999,-999,-999,-999
319,1,0.02222222222222222,6,0,0
319,2,0,4,0,1.0661111111111112
319,3,0,4,0,3.8311111111111114
319,4,0,4,0,0.4636111111111111
319,5,0,4,0.5166666666666667,0.8933333333333333
319,6,0,4,0,2.0322222222222224
319,7,0,4,0,1.6083333333333334
319,8,0.6302777777777778,4,0,2.1552777777777776
319,9,0,4,0,3.6969444444444446
319,10,-999,-999,-999,-999
319,11,0,4,0,0.8366666666666667
319,12,-999,-999,-999,-999
319,13,0,4,0,0.9827777777777779
319,14,0,4,0,1.0130555555555556
319,15,0.029722222222222223,5,0,0.40166666666666667
319,16,0.0575,4,0,0.30472222222222223
319,17,-999,-999,-999,-999
319,18,0,4,0,0.01361111111111111
319,19,-999,-999,-999,-999
319,20,0,4,0,0.20500000000000002
319,21,-999,-999,-999,-999
320,1,0,5,0.10111111111111111,0.35944444444444446
320,2,0,6,0,0.6291666666666667
320,3,-999,-999,-999,-999
320,4,-999,-999,-999,-999
320,5,0,6,0.11111111111111112,0.3869444444444444
320,6,-999,-999,-999,-999
320,7,0,6,0,1.5491666666666668
320,8,-999,-999,-999,-999
320,9,-999,-999,-999,-999
320,10,0,6,0,0.4522222222222222
320,11,-999,-999,-999,-999
320,12,0,6,0,0.6263888888888889
320,13,-999,-999,-999,-999
320,14,-999,-999,-999,-999
320,15,0,6,0,0.5936111111111111
320,16,0,6,8.333333333333334e-4,0.33722222222222226
320,17,-999,-999,-999,-999
320,18,0,6,0,0.4236111111111111
320,19,-999,-999,-999,-999
320,20,0,6,0,0.5797222222222221
320,21,-999,-999,-999,-999
322,1,0,6,0,0.014444444444444446
322,2,0,3,0,0.006388888888888889
322,3,0,6,0,1.7055555555555555
322,4,0,6,0,0.13583333333333333
322,5,-999,-999,-999,-999
322,6,-999,-999,-999,-999
322,7,-999,-999,-999,-999
322,8,-999,-999,-999,-999
322,9,-999,-999,-999,-999
322,10,0,5,0,0.5519444444444445
322,11,0,5,0,0.15277777777777776
322,12,-999,-999,-999,-999
322,13,-999,-999,-999,-999
322,14,0,6,0,0.40611111111111114
322,15,-999,-999,-999,-999
322,16,-999,-999,-999,-999
322,17,8.333333333333334e-4,5,0,0.013055555555555555
322,18,0,3,0,0.006944444444444445
322,19,0,3,0,0.6330555555555556
322,20,-999,-999,-999,-999
322,21,-999,-999,-999,-999
330,1,-999,-999,-999,-999
330,2,-999,-999,-999,-999
330,3,0,4,0,0.33055555555555555
330,4,0,4,0,1.1219444444444444
330,5,0,3,0,0.9161111111111111
330,6,-999,-999,-999,-999
330,7,0,4,0,0.5205555555555555
330,8,-999,-999,-999,-999
330,9,-999,-999,-999,-999
330,10,0,4,0,0.3302777777777778
330,11,0,4,0,0.305
330,12,-999,-999,-999,-999
330,13,0,4,0,0.20833333333333334
330,14,-999,-999,-999,-999
330,15,-999,-999,-999,-999
330,16,0,4,0,0.028611111111111108
330,17,-999,-999,-999,-999
330,18,-999,-999,-999,-999
330,19,-999,-999,-999,-999
330,20,-999,-999,-999,-999
330,21,-999,-999,-999,-999
332,1,0,5,0,1.0252777777777777
332,2,0,6,0.12722222222222224,0.6608333333333333
332,3,0.12333333333333334,6,0,1.8916666666666666
332,4,0,4,0.04861111111111111,0.6008333333333333
332,5,-999,-999,-999,-999
332,6,0,5,0,2.254722222222222
332,7,0.19611111111111112,6,0,0.7063888888888888
332,8,0,5,0.2247222222222222,1.0799999999999998
332,9,0,6,0,0.9052777777777778
332,10,0,6,0.012222222222222221,0.6502777777777777
332,11,0,7,0.05611111111111111,0.4691666666666666
332,12,-999,-999,-999,-999
332,13,0.014722222222222222,7,0.2694444444444445,2.2591666666666668
332,14,0,7,0.015277777777777777,0.9622222222222222
332,15,0,6,0.1386111111111111,2.062222222222222
332,16,-999,-999,-999,-999
332,17,-999,-999,-999,-999
332,18,-999,-999,-999,-999
332,19,-999,-999,-999,-999
332,20,-999,-999,-999,-999
332,21,-999,-999,-999,-999
333,1,-999,-999,-999,-999
333,2,-999,-999,-999,-999
333,3,-999,-999,-999,-999
333,4,-999,-999,-999,-999
333,5,-999,-999,-999,-999
333,6,-999,-999,-999,-999
333,7,-999,-999,-999,-999
333,8,0,7,0,2.819444444444444
333,9,-999,-999,-999,-999
333,10,-999,-999,-999,-999
333,11,-999,-999,-999,-999
333,12,-999,-999,-999,-999
333,13,-999,-999,-999,-999
333,14,-999,-999,-999,-999
333,15,-999,-999,-999,-999
333,16,-999,-999,-999,-999
333,17,-999,-999,-999,-999
333,18,-999,-999,-999,-999
333,19,-999,-999,-999,-999
333,20,-999,-999,-999,-999
333,21,-999,-999,-999,-999
334,1,0,7,0,3.6819444444444445
334,2,-999,-999,-999,-999
334,3,-999,-999,-999,-999
334,4,-999,-999,-999,-999
334,5,0,5,0,2.2405555555555554
334,6,-999,-999,-999,-999
334,7,0,5,0,2.031111111111111
334,8,-999,-999,-999,-999
334,9,0,3,0,3.9575
334,10,-999,-999,-999,-999
334,11,-999,-999,-999,-999
334,12,-999,-999,-999,-999
334,13,0,4,0.13944444444444445,6.416388888888889
334,14,0,6,0,0.7558333333333334
334,15,-999,-999,-999,-999
334,16,-999,-999,-999,-999
334,17,-999,-999,-999,-999
334,18,-999,-999,-999,-999
334,19,-999,-999,-999,-999
334,20,-999,-999,-999,-999
334,21,-999,-999,-999,-999
337,1,-999,-999,-999,-999
337,2,0,6,0,0.14944444444444444
337,3,-999,-999,-999,-999
337,4,0,6,0,0.1502777777777778
337,5,-999,-999,-999,-999
337,6,0,6,0.05,0.09833333333333334
337,7,0,6,0,0.3602777777777778
337,8,0,6,0.1622222222222222,0.08444444444444445
337,9,0,6,0,5.555555555555556e-4
337,10,0,6,0,0.20555555555555557
337,11,-999,-999,-999,-999
337,12,-999,-999,-999,-999
337,13,0,6,0,0.17833333333333332
337,14,0,4,8.333333333333334e-4,0
337,15,-999,-999,-999,-999
337,16,-999,-999,-999,-999
337,17,-999,-999,-999,-999
337,18,0,6,0,0.16194444444444445
337,19,-999,-999,-999,-999
337,20,-999,-999,-999,-999
337,21,0,6,0,0.04805555555555555
341,1,-999,-999,-999,-999
341,2,-999,-999,-999,-999
341,3,-999,-999,-999,-999
341,4,-999,-999,-999,-999
341,5,-999,-999,-999,-999
341,6,-999,-999,-999,-999
341,7,-999,-999,-999,-999
341,8,-999,-999,-999,-999
341,9,-999,-999,-999,-999
341,10,-999,-999,-999,-999
341,11,0,4,0,0.010555555555555556
341,12,-999,-999,-999,-999
341,13,-999,-999,-999,-999
341,14,0,4,0,0.04972222222222222
341,15,-999,-999,-999,-999
341,16,-999,-999,-999,-999
341,17,-999,-999,-999,-999
341,18,0,4,0,0.10916666666666666
341,19,0.0325,4,0,0
341,20,0,4,0,0.24194444444444446
341,21,-999,-999,-999,-999
342,1,0,7,0,0.8411111111111111
342,2,1.2244444444444444,1,0.14805555555555555,0.4475
342,3,0,7,0.23,1.3922222222222222
342,4,0,7,0,1.0588888888888888
342,5,-999,-999,-999,-999
342,6,-999,-999,-999,-999
342,7,-999,-999,-999,-999
342,8,-999,-999,-999,-999
342,9,-999,-999,-999,-999
342,10,-999,-999,-999,-999
342,11,-999,-999,-999,-999
342,12,-999,-999,-999,-999
342,13,-999,-999,-999,-999
342,14,-999,-999,-999,-999
342,15,-999,-999,-999,-999
342,16,-999,-999,-999,-999
342,17,-999,-999,-999,-999
342,18,-999,-999,-999,-999
342,19,-999,-999,-999,-999
342,20,-999,-999,-999,-999
342,21,-999,-999,-999,-999
347,1,-999,-999,-999,-999
347,2,-999,-999,-999,-999
347,3,-999,-999,-999,-999
347,4,-999,-999,-999,-999
347,5,-999,-999,-999,-999
347,6,0,7,0,0.005277777777777778
347,7,-999,-999,-999,-999
347,8,-999,-999,-999,-999
347,9,-999,-999,-999,-999
347,10,-999,-999,-999,-999
347,11,0,7,0,0.0033333333333333335
347,12,-999,-999,-999,-999
347,13,-999,-999,-999,-999
347,14,-999,-999,-999,-999
347,15,-999,-999,-999,-999
347,16,-999,-999,-999,-999
347,17,-999,-999,-999,-999
347,18,-999,-999,-999,-999
347,19,-999,-999,-999,-999
347,20,-999,-999,-999,-999
347,21,-999,-999,-999,-999
351,1,-999,-999,-999,-999
351,2,-999,-999,-999,-999
351,3,0,4,0,0.19722222222222224
351,4,-999,-999,-999,-999
351,5,-999,-999,-999,-999
351,6,0,4,0,0.017222222222222226
351,7,-999,-999,-999,-999
351,8,-999,-999,-999,-999
351,9,-999,-999,-999,-999
351,10,0,4,0.004722222222222222,0.053611111111111116
351,11,-999,-999,-999,-999
351,12,-999,-999,-999,-999
351,13,-999,-999,-999,-999
351,14,0,4,0,0.07
351,15,-999,-999,-999,-999
351,16,-999,-999,-999,-999
351,17,0,4,0.05527777777777778,0.08055555555555555
351,18,-999,-999,-999,-999
351,19,-999,-999,-999,-999
351,20,-999,-999,-999,-999
351,21,-999,-999,-999,-999
352,1,-999,-999,-999,-999
352,2,-999,-999,-999,-999
352,3,-999,-999,-999,-999
352,4,0,5,0,0.04138888888888889
352,5,-999,-999,-999,-999
352,6,-999,-999,-999,-999
352,7,0,5,0.0025,0.27805555555555556
352,8,-999,-999,-999,-999
352,9,-999,-999,-999,-999
352,10,-999,-999,-999,-999
352,11,0.0013888888888888887,5,0,0.7980555555555555
352,12,8.333333333333334e-4,5,0,0
352,13,-999,-999,-999,-999
352,14,0,5,0,0.06749999999999999
352,15,0.5169444444444444,5,0,0.34388888888888886
352,16,0.0019444444444444444,5,8.333333333333334e-4,0.009444444444444445
352,17,0,5,0,0.15333333333333332
352,18,-999,-999,-999,-999
352,19,-999,-999,-999,-999
352,20,-999,-999,-999,-999
352,21,0,4,0,0.14916666666666664
360,1,-999,-999,-999,-999
360,2,0.185,4,0.38055555555555554,2.1233333333333335
360,3,0.05555555555555556,5,0,5.230555555555555
360,4,1.3319444444444446,5,0.0725,2.2047222222222222
360,5,-999,-999,-999,-999
360,6,0,7,0,1.3183333333333331
360,7,0,6,0,2.401111111111111
360,8,0.12027777777777778,5,0,0.18000000000000002
360,9,0,6,0,1.111388888888889
360,10,0,5,0.0575,0.8672222222222222
360,11,0,6,0,0.06583333333333334
360,12,-999,-999,-999,-999
360,13,0.9163888888888889,6,0,1.3372222222222223
360,14,-999,-999,-999,-999
360,15,-999,-999,-999,-999
360,16,-999,-999,-999,-999
360,17,-999,-999,-999,-999
360,18,0,6,0,0.15444444444444447
360,19,-999,-999,-999,-999
360,20,-999,-999,-999,-999
360,21,-999,-999,-999,-999
362,1,0,6,0.09166666666666666,0.23361111111111113
362,2,-999,-999,-999,-999
362,3,-999,-999,-999,-999
362,4,-999,-999,-999,-999
362,5,-999,-999,-999,-999
362,6,0,7,0,0.9633333333333333
362,7,0,7,0,0.8938888888888888
362,8,0,7,0,0.3877777777777778
362,9,-999,-999,-999,-999
362,10,0,7,0,1.068611111111111
362,11,-999,-999,-999,-999
362,12,-999,-999,-999,-999
362,13,0,5,0.012777777777777779,1.5308333333333333
362,14,0,7,0,0.13083333333333333
362,15,0,7,0.07333333333333333,0.7383333333333333
362,16,-999,-999,-999,-999
362,17,-999,-999,-999,-999
362,18,0.09166666666666666,4,0,0.5397222222222222
362,19,0,6,0,0.4083333333333333
362,20,0,6,0,0.2536111111111111
362,21,0,4,0.15166666666666667,0.45583333333333337
363,1,0,6,0,1.2141666666666666
363,2,-999,-999,-999,-999
363,3,0.27666666666666667,5,0,0.9291666666666667
363,4,-999,-999,-999,-999
363,5,-999,-999,-999,-999
363,6,-999,-999,-999,-999
363,7,-999,-999,-999,-999
363,8,-999,-999,-999,-999
363,9,-999,-999,-999,-999
363,10,-999,-999,-999,-999
363,11,-999,-999,-999,-999
363,12,-999,-999,-999,-999
363,13,-999,-999,-999,-999
363,14,-999,-999,-999,-999
363,15,-999,-999,-999,-999
363,16,-999,-999,-999,-999
363,17,-999,-999,-999,-999
363,18,0.1852777777777778,4,0,1.3516666666666666
363,19,-999,-999,-999,-999
363,20,-999,-999,-999,-999
363,21,-999,-999,-999,-999
364,1,0,6,0.2886111111111111,0.8655555555555555
364,2,0.17527777777777778,6,0,0.6225
364,3,0.10361111111111111,6,0,2.910277777777778
364,4,-999,-999,-999,-999
364,5,-999,-999,-999,-999
364,6,-999,-999,-999,-999
364,7,0.025555555555555557,4,0,1.5341666666666667
364,8,0,4,0.06027777777777778,1.0038888888888888
364,9,0,4,0.6980555555555555,1.2397222222222224
364,10,0.09527777777777778,5,0.3788888888888889,1.3516666666666666
364,11,-999,-999,-999,-999
364,12,-999,-999,-999,-999
364,13,-999,-999,-999,-999
364,14,0,4,0,0.3194444444444445
364,15,-999,-999,-999,-999
364,16,0.024722222222222222,5,0,1.7538888888888888
364,17,0,4,0.024444444444444442,2.848888888888889
364,18,-999,-999,-999,-999
364,19,-999,-999,-999,-999
364,20,0,5,0.07277777777777777,0.6233333333333333
364,21,0,5,0.04722222222222223,1.0202777777777778
365,1,0,5,0,1.1933333333333331
365,2,-999,-999,-999,-999
365,3,-999,-999,-999,-999
365,4,-999,-999,-999,-999
365,5,-999,-999,-999,-999
365,6,-999,-999,-999,-999
365,7,-999,-999,-999,-999
365,8,-999,-999,-999,-999
365,9,-999,-999,-999,-999
365,10,-999,-999,-999,-999
365,11,-999,-999,-999,-999
365,12,-999,-999,-999,-999
365,13,-999,-999,-999,-999
365,14,-999,-999,-999,-999
365,15,-999,-999,-999,-999
365,16,-999,-999,-999,-999
365,17,-999,-999,-999,-999
365,18,-999,-999,-999,-999
365,19,-999,-999,-999,-999
365,20,-999,-999,-999,-999
365,21,-999,-999,-999,-999
367,1,0,7,0,0.1338888888888889
367,2,-999,-999,-999,-999
367,3,-999,-999,-999,-999
367,4,0,7,0,0.3063888888888889
367,5,-999,-999,-999,-999
367,6,-999,-999,-999,-999
367,7,-999,-999,-999,-999
367,8,-999,-999,-999,-999
367,9,-999,-999,-999,-999
367,10,-999,-999,-999,-999
367,11,0,7,0,0.5347222222222222
367,12,0,1,0,0.1488888888888889
367,13,0,7,0,0.14555555555555555
367,14,-999,-999,-999,-999
367,15,-999,-999,-999,-999
367,16,-999,-999,-999,-999
367,17,-999,-999,-999,-999
367,18,0,7,0,0.018611111111111113
367,19,0,7,0,8.333333333333334e-4
367,20,-999,-999,-999,-999
367,21,-999,-999,-999,-999
374,1,-999,-999,-999,-999
374,2,0,5,0,0.17333333333333334
374,3,-999,-999,-999,-999
374,4,-999,-999,-999,-999
374,5,-999,-999,-999,-999
374,6,-999,-999,-999,-999
374,7,-999,-999,-999,-999
374,8,-999,-999,-999,-999
374,9,-999,-999,-999,-999
374,10,0,5,0,0.5850000000000001
374,11,-999,-999,-999,-999
374,12,-999,-999,-999,-999
374,13,-999,-999,-999,-999
374,14,-999,-999,-999,-999
374,15,-999,-999,-999,-999
374,16,-999,-999,-999,-999
374,17,-999,-999,-999,-999
374,18,0,6,0,0.6130555555555556
374,19,-999,-999,-999,-999
374,20,-999,-999,-999,-999
374,21,-999,-999,-999,-999
375,1,-999,-999,-999,-999
375,2,-999,-999,-999,-999
375,3,0,7,0,0.6161111111111112
375,4,0,1,0,0.6961111111111111
375,5,0,5,0,0.032777777777777774
375,6,-999,-999,-999,-999
375,7,-999,-999,-999,-999
375,8,-999,-999,-999,-999
375,9,0,4,0.7427777777777779,0.1375
375,10,-999,-999,-999,-999
375,11,-999,-999,-999,-999
375,12,-999,-999,-999,-999
375,13,-999,-999,-999,-999
375,14,0.09777777777777777,5,0,0.8577777777777779
375,15,-999,-999,-999,-999
375,16,-999,-999,-999,-999
375,17,-999,-999,-999,-999
375,18,0,1,0,0.4502777777777778
375,19,-999,-999,-999,-999
375,20,-999,-999,-999,-999
375,21,0,6,0,0.06472222222222222
378,1,-999,-999,-999,-999
378,2,-999,-999,-999,-999
378,3,-999,-999,-999,-999
378,4,-999,-999,-999,-999
378,5,-999,-999,-999,-999
378,6,-999,-999,-999,-999
378,7,-999,-999,-999,-999
378,8,-999,-999,-999,-999
378,9,-999,-999,-999,-999
378,10,0,3,0.23194444444444443,0.648611111111111
378,11,-999,-999,-999,-999
378,12,-999,-999,-999,-999
378,13,-999,-999,-999,-999
378,14,-999,-999,-999,-999
378,15,-999,-999,-999,-999
378,16,-999,-999,-999,-999
378,17,-999,-999,-999,-999
378,18,-999,-999,-999,-999
378,19,-999,-999,-999,-999
378,20,-999,-999,-999,-999
378,21,-999,-999,-999,-999
379,1,-999,-999,-999,-999
379,2,-999,-999,-999,-999
379,3,-999,-999,-999,-999
379,4,-999,-999,-999,-999
379,5,0,4,0.1186111111111111,0.1986111111111111
379,6,-999,-999,-999,-999
379,7,0,4,0,0.25083333333333335
379,8,0,4,0,1.3380555555555556
379,9,-999,-999,-999,-999
379,10,-999,-999,-999,-999
379,11,-999,-999,-999,-999
379,12,-999,-999,-999,-999
379,13,-999,-999,-999,-999
379,14,0,4,0,0.9088888888888889
379,15,0,4,0,0.2663888888888889
379,16,-999,-999,-999,-999
379,17,-999,-999,-999,-999
379,18,0.020277777777777777,4,0,0
379,19,-999,-999,-999,-999
379,20,-999,-999,-999,-999
379,21,-999,-999,-999,-999
381,1,-999,-999,-999,-999
381,2,-999,-999,-999,-999
381,3,-999,-999,-999,-999
381,4,-999,-999,-999,-999
381,5,-999,-999,-999,-999
381,6,-999,-999,-999,-999
381,7,-999,-999,-999,-999
381,8,0,5,0.11444444444444443,0.255
381,9,-999,-999,-999,-999
381,10,-999,-999,-999,-999
381,11,-999,-999,-999,-999
381,12,-999,-999,-999,-999
381,13,-999,-999,-999,-999
381,14,-999,-999,-999,-999
381,15,-999,-999,-999,-999
381,16,-999,-999,-999,-999
381,17,-999,-999,-999,-999
381,18,-999,-999,-999,-999
381,19,-999,-999,-999,-999
381,20,-999,-999,-999,-999
381,21,-999,-999,-999,-999
382,1,-999,-999,-999,-999
382,2,-999,-999,-999,-999
382,3,-999,-999,-999,-999
382,4,-999,-999,-999,-999
382,5,0.0325,6,0,7.470555555555555
382,6,-999,-999,-999,-999
382,7,-999,-999,-999,-999
382,8,-999,-999,-999,-999
382,9,-999,-999,-999,-999
382,10,-999,-999,-999,-999
382,11,-999,-999,-999,-999
382,12,-999,-999,-999,-999
382,13,-999,-999,-999,-999
382,14,-999,-999,-999,-999
382,15,-999,-999,-999,-999
382,16,-999,-999,-999,-999
382,17,-999,-999,-999,-999
382,18,-999,-999,-999,-999
382,19,-999,-999,-999,-999
382,20,-999,-999,-999,-999
382,21,-999,-999,-999,-999
383,1,-999,-999,-999,-999
383,2,-999,-999,-999,-999
383,3,-999,-999,-999,-999
383,4,-999,-999,-999,-999
383,5,-999,-999,-999,-999
383,6,0,6,0,1.9108333333333334
383,7,0,5,0,0.7913888888888889
383,8,-999,-999,-999,-999
383,9,0,7,0,1.6169444444444445
383,10,0,6,0,1.296111111111111
383,11,-999,-999,-999,-999
383,12,-999,-999,-999,-999
383,13,0.17833333333333332,6,0,0.04416666666666667
383,14,-999,-999,-999,-999
383,15,-999,-999,-999,-999
383,16,-999,-999,-999,-999
383,17,-999,-999,-999,-999
383,18,-999,-999,-999,-999
383,19,-999,-999,-999,-999
383,20,-999,-999,-999,-999
383,21,-999,-999,-999,-999
384,1,-999,-999,-999,-999
384,2,-999,-999,-999,-999
384,3,-999,-999,-999,-999
384,4,-999,-999,-999,-999
384,5,0.14833333333333334,4,0.14638888888888887,0
384,6,-999,-999,-999,-999
384,7,-999,-999,-999,-999
384,8,0.0938888888888889,4,0,0.3908333333333333
384,9,0.19333333333333333,4,0,0.35944444444444446
384,10,-999,-999,-999,-999
384,11,-999,-999,-999,-999
384,12,-999,-999,-999,-999
384,13,-999,-999,-999,-999
384,14,0,4,0.30416666666666664,0.2869444444444444
384,15,-999,-999,-999,-999
384,16,0,4,0,0.16083333333333333
384,17,-999,-999,-999,-999
384,18,-999,-999,-999,-999
384,19,-999,-999,-999,-999
384,20,-999,-999,-999,-999
384,21,-999,-999,-999,-999
